name,email,phone,company,title,website,linkedin,source,source_url,warm_signal,extracted_at
u/DocHound,,,r/Entrepreneur,,,,reddit,https://reddit.com/r/Entrepreneur/comments/1pjq1om/i_spent_way_too_long_researching_how_airwallex/,"[95pts] seeking_solution: need; pain_point: issue, terrible - I spent way too long researching how Airwallex went from a c",2025-12-11T00:44:34.317687
u/robbinh00d,,,r/Entrepreneur,,,,reddit,https://reddit.com/r/Entrepreneur/comments/1pjnfaf/i_quit_my_300k_finance_job_at_30_because_i/,[65pts] seeking_solution: need; pain_point: hate - I quit my $300k finance job at 30 because I finally admitted,2025-12-11T00:44:34.318450
u/SnooRevelations3802,,,r/Entrepreneur,,,,reddit,https://reddit.com/r/Entrepreneur/comments/1pjrb93/balancing_loyalty_with_business_profit_when/,"[50pts] seeking_solution: help; pain_point: failing, struggling - Balancing loyalty with business profit when long-term employ",2025-12-11T00:44:34.317220
u/Environmental-Shape8,,,r/Entrepreneur,,,,reddit,https://reddit.com/r/Entrepreneur/comments/1pjhguy/im_sure_this_has_been_asked_before/,"[50pts] seeking_solution: looking for, need; pain_point: hate, issue - I'm sure this has been asked before...",2025-12-11T00:44:34.319351
u/Mahi_Singh_0077,,,r/Entrepreneur,,,,reddit,https://reddit.com/r/Entrepreneur/comments/1pjnk11/founder_struggle_i_didnt_choose_behind_the_scenes/,"[30pts] pain_point: hate, issue; decision_maker: founder - Founder struggle I didnâ€™t choose- behind the scenes.",2025-12-11T00:44:34.318301
u/reOnitro,,,r/Entrepreneur,,,,reddit,https://reddit.com/r/Entrepreneur/comments/1pjj93j/where_to_find_lowprofile_hidden_influencer_talent/,"[30pts] seeking_solution: looking for, need - Where to find low-profile / ""hidden"" influencer talent manag",2025-12-11T00:44:34.319130
u/udidiiit,,,r/Entrepreneur,,,,reddit,https://reddit.com/r/Entrepreneur/comments/1pjrepx/government_grants_are_easy_if_you_know_this/,[20pts] budget_signal: how much; decision_maker: founder - Government grants are easy if you know this secret! (I raise,2025-12-11T00:44:34.317093
u/Designer_Oven6623,,,r/Entrepreneur,,,,reddit,https://reddit.com/r/Entrepreneur/comments/1pjr16l/anyone_here_using_selfservice_kiosks_to_manage/,[20pts] seeking_solution: need; pain_point: issue - Anyone here using self-service kiosks to manage queues or sp,2025-12-11T00:44:34.317383
u/z1ggystardu5t,,,r/Entrepreneur,,,,reddit,https://reddit.com/r/Entrepreneur/comments/1pjok2h/where_do_i_go_from_here/,"[20pts] seeking_solution: help, advice - Where do I go from here?",2025-12-11T00:44:34.317948
u/Ok_Tadpole7839,,,r/Entrepreneur,,,,reddit,https://reddit.com/r/Entrepreneur/comments/1pjntj9/after_building_the_basic_lithic_card_integration/,[20pts] pain_point: issue; decision_maker: founder - After building the basic lithic card integration I see why p,2025-12-11T00:44:34.318062
u/Competitive_Oil4532,,,r/Entrepreneur,,,,reddit,https://reddit.com/r/Entrepreneur/comments/1pjmqva/what_is_the_best_way_to_learn_google_seo_and_meta/,"[20pts] seeking_solution: recommend, best - What is the best way to learn Google SEO and meta adds in 20",2025-12-11T00:44:34.318659
u/Turbulent_Act77,,,r/Entrepreneur,,,,reddit,https://reddit.com/r/Entrepreneur/comments/1pjlyvz/the_real_key_to_avoiding_failure_imo/,"[20pts] seeking_solution: need, solution - The real key to avoiding failure (IMO)",2025-12-11T00:44:34.318942
u/Opening_Ability6500,,,r/Entrepreneur,,,,reddit,https://reddit.com/r/Entrepreneur/comments/1pjjsvs/looking_to_finally_launch_something_real_and_open/,"[20pts] seeking_solution: need, help - Looking to finally launch something real and open to collabo",2025-12-11T00:44:34.319031
u/blackice_7,,,r/Entrepreneur,,,,reddit,https://reddit.com/r/Entrepreneur/comments/1pjh7ki/how_do_entrepreneurs_find_vc_and_angel_investors/,"[20pts] seeking_solution: looking for, advice - how do entrepreneurs find VC and Angel investors",2025-12-11T00:44:34.319373
u/PrepperDisk,,,r/Entrepreneur,,,,reddit,https://reddit.com/r/Entrepreneur/comments/1pjr9ca/product_companies_how_are_you_handling_product/,[10pts] decision_maker: our business - Product Companies - How are you handling Product Liability?,2025-12-11T00:44:34.317266
u/whoizanna,,,r/Entrepreneur,,,,reddit,https://reddit.com/r/Entrepreneur/comments/1pjq7gk/selling_my_art_online_pinterest_instagram_or/,"[10pts] seeking_solution: best - Selling my art online: pinterest, instagram or others for tr",2025-12-11T00:44:34.317441
u/Coinservative89,,,r/Entrepreneur,,,,reddit,https://reddit.com/r/Entrepreneur/comments/1pjp3xt/starting_a_new_business_i_have_no_experience_in/,[10pts] seeking_solution: need - Starting a new business I have no experience in...,2025-12-11T00:44:34.317831
u/Fun_Possibility_9537,,,r/Entrepreneur,,,,reddit,https://reddit.com/r/Entrepreneur/comments/1pjp2uk/how_do_you_find_the_right_lawyeraccountantadviser/,[10pts] decision_maker: our business - How do you find the right lawyer/accountant/adviser?,2025-12-11T00:44:34.317890
u/Rajakumar03,,,r/Entrepreneur,,,,reddit,https://reddit.com/r/Entrepreneur/comments/1pjnz88/what_usp_could_disrupt_swiggy_zomato_zepto_and/,"[10pts] seeking_solution: need - What USP could disrupt Swiggy, Zomato, Zepto, and Instamart ",2025-12-11T00:44:34.318018
u/darrylhumpsgophers,,,r/Entrepreneur,,,,reddit,https://reddit.com/r/Entrepreneur/comments/1pjmra0/setting_up_a_software_development_agency/,[10pts] seeking_solution: need - Setting Up a Software Development Agency,2025-12-11T00:44:34.318625
u/JVius,,,r/Entrepreneur,,,,reddit,https://reddit.com/r/Entrepreneur/comments/1pjijca/shipped_a_sportsbetting_al_saas_in_my_spare_time/,"[10pts] buying_intent: planning to - Shipped a sports-betting Al SaaS in my ""spare"" time, got ear",2025-12-11T00:44:34.319262
u/ExtraFeedback3555,,,r/Entrepreneur,,,,reddit,https://reddit.com/r/Entrepreneur/comments/1pjgv5z/earnout_guidance/,[10pts] seeking_solution: help - Earn-Out Guidance,2025-12-11T00:44:34.319471
