id,name,full_name,loc,file_count,modules,vibrant_color,lists,fork_status,analyzed_at,technologies,dependencies,cicd,structure
1104696537,Valdi,Zeeeepa/Valdi,0,0,,#4ADE80,,,0,,{},false,{}
1078945561,agentic-flow,Zeeeepa/agentic-flow,0,0,,#4ADE80,,,0,,{},false,{}
1076945287,analyzer,Zeeeepa/analyzer,0,0,,#4ADE80,,,0,,{},false,{}
1105464591,agentic-context-engine,Zeeeepa/agentic-context-engine,0,0,,,,,0,,{},false,{}
1078550832,ATLAS,Zeeeepa/ATLAS,0,0,,#4ADE80,,,0,,{},false,{}
1066806603,humanlayer,Zeeeepa/humanlayer,0,0,,#4ADE80,,,0,,{},false,{}
1075585470,every-marketplace,Zeeeepa/every-marketplace,0,0,,#4ADE80,,,0,,{},false,{}
1088491171,agentic-qe,Zeeeepa/agentic-qe,0,0,,#4ADE80,,,0,,{},false,{}
1095378728,OpenSpec,Zeeeepa/OpenSpec,0,0,,#4ADE80,,,0,,{},false,{}
1075593270,agent,Zeeeepa/agent,0,0,,#4ADE80,,,0,,{},false,{}
1084896599,agent-girl,Zeeeepa/agent-girl,0,0,,#4ADE80,2,,0,,{},false,{}
1100532042,Kosmos,Zeeeepa/Kosmos,0,0,,#4ADE80,2,,0,,{},false,{}
1104139224,agor,Zeeeepa/agor,0,0,,#4ADE80,1,,0,,{},false,{}
1087445126,tokligence-gateway,Zeeeepa/tokligence-gateway,0,0,,#4ADE80,2,,0,,{},false,{}
1004630354,claude-code-router,Zeeeepa/claude-code-router,0,0,,#4ADE80,2,,0,,{},false,{}
1087395721,claude-relay-service,Zeeeepa/claude-relay-service,0,0,,#4ADE80,2,,0,,{},false,{}
1105270925,appdaemon,Zeeeepa/appdaemon,0,0,,#4ADE80,2,,0,,{},false,{}
1085574882,Skill_Seekers,Zeeeepa/Skill_Seekers,0,0,,#4ADE80,2,,0,,{},false,{}
1105270384,db-studio,Zeeeepa/db-studio,0,0,,#4ADE80,1,,0,,{},false,{}
1104143077,vibe-kanban,Zeeeepa/vibe-kanban,0,0,,#4ADE80,1,,0,,{},false,{}
1100200399,projax,Zeeeepa/projax,0,0,,#4ADE80,,,0,,{},false,{}
1095372989,code_just,Zeeeepa/code_just,0,0,,#4ADE80,,,0,,{},false,{}
1104697315,mgrep,Zeeeepa/mgrep,0,0,,#4ADE80,,,0,,{},false,{}
1104304042,kitex,Zeeeepa/kitex,0,0,,#4ADE80,,,0,,{},false,{}
1103549081,codexist,Zeeeepa/codexist,0,0,,#4ADE80,,,0,,{},false,{}
1104247604,SandboxFusion,Zeeeepa/SandboxFusion,0,0,,#4ADE80,,,0,,{},false,{}
1077554519,AgentFlow,Zeeeepa/AgentFlow,0,0,,#4ADE80,,,0,,{},false,{}
1104206646,amplifier,Zeeeepa/amplifier,0,0,,#4ADE80,,,0,,{},false,{}
1104201749,Agent365-python,Zeeeepa/Agent365-python,0,0,,#4ADE80,,,0,,{},false,{}
1104138148,dashcam,Zeeeepa/dashcam,0,0,,#4ADE80,,,0,,{},false,{}
1104185232,playwright-sandbox,Zeeeepa/playwright-sandbox,0,0,,#4ADE80,,,0,,{},false,{}
1104170520,MMCTAgent,Zeeeepa/MMCTAgent,0,0,,#4ADE80,,,0,,{},false,{}
1104165236,StepFly,Zeeeepa/StepFly,0,0,,#4ADE80,,,0,,{},false,{}
1104163320,Microsoft.Unity.Analyzers,Zeeeepa/Microsoft.Unity.Analyzers,0,0,,#4ADE80,,,0,,{},false,{}
1104161479,AUTO-OPS-AI-DevOps-Agent,Zeeeepa/AUTO-OPS-AI-DevOps-Agent,0,0,,#4ADE80,,,0,,{},false,{}
1104141754,experiments,Zeeeepa/experiments,0,0,,#4ADE80,,,0,,{},false,{}
1072588736,cli,Zeeeepa/cli,0,0,,#4ADE80,,,0,,{},false,{}
1104050648,letta,Zeeeepa/letta,0,0,,#4ADE80,,,0,,{},false,{}
1060572960,github.gg,Zeeeepa/github.gg,0,0,,#4ADE80,,,0,,{},false,{}
1103549993,awesome-mcp-servers,Zeeeepa/awesome-mcp-servers,0,0,,#4ADE80,,,0,,{},false,{}
1103549909,screenpipe,Zeeeepa/screenpipe,0,0,,#4ADE80,,,0,,{},false,{}
1103549371,mcp-shrimp-task-manager,Zeeeepa/mcp-shrimp-task-manager,0,0,,#4ADE80,,,0,,{},false,{}
1103548521,callcenter.js-mcp,Zeeeepa/callcenter.js-mcp,0,0,,#4ADE80,,,0,,{},false,{}
1103545495,smart-tree,Zeeeepa/smart-tree,0,0,,#4ADE80,,,0,,{},false,{}
1103514606,b0t,Zeeeepa/b0t,0,0,,#4ADE80,,,0,,{},false,{}
1041110990,level1-crackmes-solutions,Zeeeepa/level1-crackmes-solutions,0,0,,#4ADE80,,,0,,{},false,{}
1075507432,AVR-Eval-Agent,Zeeeepa/AVR-Eval-Agent,0,0,,#4ADE80,,,0,,{},false,{}
1041259484,jmap-mcp,Zeeeepa/jmap-mcp,0,0,,#4ADE80,,,0,,{},false,{}
1038300993,agents,Zeeeepa/agents,0,0,,#4ADE80,,,0,,{},false,{}
1006774156,tiktok-warmup-bot,Zeeeepa/tiktok-warmup-bot,0,0,,#4ADE80,,,0,,{},false,{}
1067804940,cloudscraper,Zeeeepa/cloudscraper,0,0,,#4ADE80,,,0,,{},false,{}
1059626680,AgentCPM-GUI,Zeeeepa/AgentCPM-GUI,0,0,,#4ADE80,,,0,,{},false,{}
1006772121,Bitcoin-wallet-finder,Zeeeepa/Bitcoin-wallet-finder,0,0,,#4ADE80,,,0,,{},false,{}
1006770724,ZPhisher-Python,Zeeeepa/ZPhisher-Python,0,0,,#4ADE80,,,0,,{},false,{}
1006770604,Creal-Stealer,Zeeeepa/Creal-Stealer,0,0,,#4ADE80,,,0,,{},false,{}
1006770945,BlackCap-Grabber-NoDualHook,Zeeeepa/BlackCap-Grabber-NoDualHook,0,0,,#4ADE80,,,0,,{},false,{}
1006771321,YouTube-viewbot,Zeeeepa/YouTube-viewbot,0,0,,#4ADE80,,,0,,{},false,{}
1006770776,tiktok-bot,Zeeeepa/tiktok-bot,0,0,,#4ADE80,,,0,,{},false,{}
1006771265,gmail-gen,Zeeeepa/gmail-gen,0,0,,#4ADE80,,,0,,{},false,{}
1006770976,PyPhisher,Zeeeepa/PyPhisher,0,0,,#4ADE80,,,0,,{},false,{}
1006770668,Blank-Grabber,Zeeeepa/Blank-Grabber,0,0,,#4ADE80,,,0,,{},false,{}
1006770186,python-keylogger,Zeeeepa/python-keylogger,0,0,,#4ADE80,,,0,,{},false,{}
1006770628,TikTok-viewbot,Zeeeepa/TikTok-viewbot,0,0,,#4ADE80,,,0,,{},false,{}
1088296934,rift,Zeeeepa/rift,0,0,,#4ADE80,,,0,,{},false,{}
1097340731,CredSniper,Zeeeepa/CredSniper,0,0,,#4ADE80,,,0,,{},false,{}
971976774,GeoSpy,Zeeeepa/GeoSpy,0,0,,#4ADE80,,,0,,{},false,{}
1031363841,glint,Zeeeepa/glint,0,0,,#4ADE80,,,0,,{},false,{}
1032592079,hacker-scripts,Zeeeepa/hacker-scripts,0,0,,#4ADE80,,,0,,{},false,{}
1040862321,GhostTrack,Zeeeepa/GhostTrack,0,0,,#4ADE80,,,0,,{},false,{}
1033080966,Awesome-Hacking-Resources,Zeeeepa/Awesome-Hacking-Resources,0,0,,#4ADE80,,,0,,{},false,{}
1066166073,PyPhisher2,Zeeeepa/PyPhisher2,0,0,,#4ADE80,,,0,,{},false,{}
1034434778,cloud-sniper,Zeeeepa/cloud-sniper,0,0,,#4ADE80,,,0,,{},false,{}
1033076251,PhoneSploit-Pro,Zeeeepa/PhoneSploit-Pro,0,0,,#4ADE80,,,0,,{},false,{}
1033080366,nishang,Zeeeepa/nishang,0,0,,#4ADE80,,,0,,{},false,{}
1095286799,cnpmjs.org,Zeeeepa/cnpmjs.org,0,0,,#4ADE80,,,0,,{},false,{}
1097341321,Android-Pentesting-Checklist,Zeeeepa/Android-Pentesting-Checklist,0,0,,#4ADE80,,,0,,{},false,{}
1033076111,Cheatsheet-God,Zeeeepa/Cheatsheet-God,0,0,,#4ADE80,,,0,,{},false,{}
1033083472,spiderfoot,Zeeeepa/spiderfoot,0,0,,#4ADE80,,,0,,{},false,{}
953626765,CodeFuse-muAgent,Zeeeepa/CodeFuse-muAgent,0,0,,#4ADE80,,,0,,{},false,{}
1033074392,hoaxshell,Zeeeepa/hoaxshell,0,0,,#4ADE80,,,0,,{},false,{}
960407389,arxiver,Zeeeepa/arxiver,0,0,,#4ADE80,,,0,,{},false,{}
1033075829,Learn-Web-Hacking,Zeeeepa/Learn-Web-Hacking,0,0,,#4ADE80,,,0,,{},false,{}
1033079545,rengine,Zeeeepa/rengine,0,0,,#4ADE80,,,0,,{},false,{}
1032539422,mcp-code-indexer,Zeeeepa/mcp-code-indexer,0,0,,#4ADE80,,,0,,{},false,{}
967271572,BYZER-RETRIEVAL,Zeeeepa/BYZER-RETRIEVAL,0,0,,#4ADE80,,,0,,{},false,{}
1035156688,mcp-aas,Zeeeepa/mcp-aas,0,0,,#4ADE80,,,0,,{},false,{}
1033077135,RedTeam-Tools,Zeeeepa/RedTeam-Tools,0,0,,#4ADE80,,,0,,{},false,{}
1091736157,browserforge,Zeeeepa/browserforge,0,0,,#4ADE80,,,0,,{},false,{}
1075614238,toolsbox,Zeeeepa/toolsbox,0,0,,#4ADE80,,,0,,{},false,{}
1096660857,coconut,Zeeeepa/coconut,0,0,,#4ADE80,,,0,,{},false,{}
1097345242,mcp-client-cli,Zeeeepa/mcp-client-cli,0,0,,#4ADE80,,,0,,{},false,{}
1033080856,awesome-web-security,Zeeeepa/awesome-web-security,0,0,,#4ADE80,,,0,,{},false,{}
1091718259,rebrowser-patches,Zeeeepa/rebrowser-patches,0,0,,#4ADE80,,,0,,{},false,{}
960421259,deep-research,Zeeeepa/deep-research,0,0,,#4ADE80,,,0,,{},false,{}
1049886823,android-mitm-ssl-interceptor,Zeeeepa/android-mitm-ssl-interceptor,0,0,,#4ADE80,,,0,,{},false,{}
1049886636,gsort-professional,Zeeeepa/gsort-professional,0,0,,#4ADE80,,,0,,{},false,{}
1006056552,KODER-extension,Zeeeepa/KODER-extension,0,0,,#4ADE80,,,0,,{},false,{}
1033074025,Villain,Zeeeepa/Villain,0,0,,#4ADE80,,,0,,{},false,{}
1097706108,autoview,Zeeeepa/autoview,0,0,,#4ADE80,,,0,,{},false,{}
1033077023,reconftw,Zeeeepa/reconftw,0,0,,#4ADE80,,,0,,{},false,{}
1030314098,DrissionPage,Zeeeepa/DrissionPage,0,0,,#4ADE80,,,0,,{},false,{}
1043946169,code-scan-agent,Zeeeepa/code-scan-agent,0,0,,#4ADE80,,,0,,{},false,{}
1004651098,chromancer,Zeeeepa/chromancer,0,0,,#4ADE80,,,0,,{},false,{}
1011180412,stresser,Zeeeepa/stresser,0,0,,#4ADE80,,,0,,{},false,{}
1011187649,workflows-mcp-server,Zeeeepa/workflows-mcp-server,0,0,,#4ADE80,,,0,,{},false,{}
1043946393,code-review-mas,Zeeeepa/code-review-mas,0,0,,#4ADE80,,,0,,{},false,{}
1043547112,auto-coder,Zeeeepa/auto-coder,0,0,,#4ADE80,,,0,,{},false,{}
1012224011,claude-code-requirements-builder,Zeeeepa/claude-code-requirements-builder,0,0,,#4ADE80,,,0,,{},false,{}
1034070238,gemini-cli-mcp-server,Zeeeepa/gemini-cli-mcp-server,0,0,,#4ADE80,,,0,,{},false,{}
1034070311,graph-of-thoughts-mcp,Zeeeepa/graph-of-thoughts-mcp,0,0,,#4ADE80,,,0,,{},false,{}
1097347276,piedpiper,Zeeeepa/piedpiper,0,0,,#4ADE80,,,0,,{},false,{}
1033076574,faraday,Zeeeepa/faraday,0,0,,#4ADE80,,,0,,{},false,{}
1035128142,mcp-feedback-enhanced,Zeeeepa/mcp-feedback-enhanced,0,0,,#4ADE80,,,0,,{},false,{}
1066165836,C2PE,Zeeeepa/C2PE,0,0,,#4ADE80,,,0,,{},false,{}
1073694051,ast-mcp-server,Zeeeepa/ast-mcp-server,0,0,,#4ADE80,,,0,,{},false,{}
1094594786,atlas-mcp-server,Zeeeepa/atlas-mcp-server,0,0,,#4ADE80,,,0,,{},false,{}
1027345110,claude-agents,Zeeeepa/claude-agents,0,0,,#4ADE80,,,0,,{},false,{}
1088373736,langchain-sandbox,Zeeeepa/langchain-sandbox,0,0,,#4ADE80,,,0,,{},false,{}
967270846,auto-coder.web,Zeeeepa/auto-coder.web,0,0,,#4ADE80,,,0,,{},false,{}
953655589,local-operator,Zeeeepa/local-operator,0,0,,#4ADE80,,,0,,{},false,{}
1034070992,advanced-reasoning-mcp,Zeeeepa/advanced-reasoning-mcp,0,0,,#4ADE80,,,0,,{},false,{}
1033079936,PentestGPT,Zeeeepa/PentestGPT,0,0,,#4ADE80,,,0,,{},false,{}
1034070974,textualize-mcp,Zeeeepa/textualize-mcp,0,0,,#4ADE80,,,0,,{},false,{}
1058276600,awesome-indie-hacker-tools,Zeeeepa/awesome-indie-hacker-tools,0,0,,#4ADE80,,,0,,{},false,{}
1034070568,evolutionary-layering-in-complex-systems-mcp,Zeeeepa/evolutionary-layering-in-complex-systems-mcp,0,0,,#4ADE80,,,0,,{},false,{}
1006780226,web-eval-agent,Zeeeepa/web-eval-agent,0,0,,#4ADE80,,,0,,{},false,{}
983767666,deepwiki-mcp,Zeeeepa/deepwiki-mcp,0,0,,#4ADE80,,,0,,{},false,{}
1037432318,claude-code-studio,Zeeeepa/claude-code-studio,0,0,,#4ADE80,,,0,,{},false,{}
1035634273,x-agent,Zeeeepa/x-agent,0,0,,#4ADE80,,,0,,{},false,{}
1041288293,TinyGen-prama-yudistara,Zeeeepa/TinyGen-prama-yudistara,0,0,,#4ADE80,,,0,,{},false,{}
1045368944,anubis_offload,Zeeeepa/anubis_offload,0,0,,#4ADE80,,,0,,{},false,{}
1038337475,neuralagent,Zeeeepa/neuralagent,0,0,,#4ADE80,,,0,,{},false,{}
1041104586,DllShimmer,Zeeeepa/DllShimmer,0,0,,#4ADE80,,,0,,{},false,{}
1038301786,KittenTTS,Zeeeepa/KittenTTS,0,0,,#4ADE80,,,0,,{},false,{}
1037984192,claude-code-configs,Zeeeepa/claude-code-configs,0,0,,#4ADE80,,,0,,{},false,{}
1033076472,osmedeus,Zeeeepa/osmedeus,0,0,,#4ADE80,,,0,,{},false,{}
1029104546,fastapi_mcp,Zeeeepa/fastapi_mcp,0,0,,#4ADE80,,,0,,{},false,{}
1033072385,awesome-hacking,Zeeeepa/awesome-hacking,0,0,,#4ADE80,,,0,,{},false,{}
1027339619,web-check,Zeeeepa/web-check,0,0,,#4ADE80,,,0,,{},false,{}
985248425,BifrostMCP,Zeeeepa/BifrostMCP,0,0,,#4ADE80,,,0,,{},false,{}
983641114,anon-kode,Zeeeepa/anon-kode,0,0,,#4ADE80,,,0,,{},false,{}
988778793,auto-mcp,Zeeeepa/auto-mcp,0,0,,#4ADE80,,,0,,{},false,{}
953639299,plangen,Zeeeepa/plangen,0,0,,#4ADE80,,,0,,{},false,{}
953640587,MindSearch,Zeeeepa/MindSearch,0,0,,#4ADE80,,,0,,{},false,{}
953641187,open_deep_research,Zeeeepa/open_deep_research,0,0,,#4ADE80,,,0,,{},false,{}
1043054525,augment-swebench-agent,Zeeeepa/augment-swebench-agent,0,0,,#4ADE80,,,0,,{},false,{}
1099224197,mcp-ts-morph,Zeeeepa/mcp-ts-morph,0,0,,#4ADE80,,,0,,{},false,{}
1054675524,anamorpher,Zeeeepa/anamorpher,0,0,,#4ADE80,,,0,,{},false,{}
1051255774,script-server,Zeeeepa/script-server,0,0,,#4ADE80,,,0,,{},false,{}
1088984292,vex,Zeeeepa/vex,0,0,,#4ADE80,,,0,,{},false,{}
1055220992,tinygen,Zeeeepa/tinygen,0,0,,#4ADE80,,,0,,{},false,{}
1054676925,VibeVoice,Zeeeepa/VibeVoice,0,0,,#4ADE80,,,0,,{},false,{}
1059746884,auto-agent,Zeeeepa/auto-agent,0,0,,#4ADE80,,,0,,{},false,{}
1054867478,dilagent,Zeeeepa/dilagent,0,0,,#4ADE80,,,0,,{},false,{}
1058046703,WatchDogKiller,Zeeeepa/WatchDogKiller,0,0,,#4ADE80,,,0,,{},false,{}
955079136,bloop,Zeeeepa/bloop,0,0,,#4ADE80,,,0,,{},false,{}
1057418369,Auto_aim,Zeeeepa/Auto_aim,0,0,,#4ADE80,,,0,,{},false,{}
1038301862,joyagent-jdgenie,Zeeeepa/joyagent-jdgenie,0,0,,#4ADE80,,,0,,{},false,{}
1040862765,bytebot,Zeeeepa/bytebot,0,0,,#4ADE80,,,0,,{},false,{}
1061473608,jet_server,Zeeeepa/jet_server,0,0,,#4ADE80,,,0,,{},false,{}
1050211844,Decepticon,Zeeeepa/Decepticon,0,0,,#4ADE80,,,0,,{},false,{}
1047608849,claude-context,Zeeeepa/claude-context,0,0,,#4ADE80,,,0,,{},false,{}
967271444,infinity-sql,Zeeeepa/infinity-sql,0,0,,#4ADE80,,,0,,{},false,{}
1085463385,ultimate_mcp_server,Zeeeepa/ultimate_mcp_server,0,0,,#4ADE80,,,0,,{},false,{}
1061484963,ByteCaster,Zeeeepa/ByteCaster,0,0,,#4ADE80,,,0,,{},false,{}
1062168727,KAG,Zeeeepa/KAG,0,0,,#4ADE80,,,0,,{},false,{}
1055533166,ROMA,Zeeeepa/ROMA,0,0,,#4ADE80,,,0,,{},false,{}
1088231851,Real-Time-Voice-Cloning,Zeeeepa/Real-Time-Voice-Cloning,0,0,,#4ADE80,,,0,,{},false,{}
1066931645,RagaAI-Catalyst,Zeeeepa/RagaAI-Catalyst,0,0,,#4ADE80,,,0,,{},false,{}
1066165657,Tacticontainer,Zeeeepa/Tacticontainer,0,0,,#4ADE80,,,0,,{},false,{}
1066044648,spyder-osint,Zeeeepa/spyder-osint,0,0,,#4ADE80,,,0,,{},false,{}
1096709223,beam,Zeeeepa/beam,0,0,,#4ADE80,,,0,,{},false,{}
1071179332,AsmLdr,Zeeeepa/AsmLdr,0,0,,#4ADE80,,,0,,{},false,{}
1096728265,driflyte-mcp-server,Zeeeepa/driflyte-mcp-server,0,0,,#4ADE80,,,0,,{},false,{}
1073178502,Quine,Zeeeepa/Quine,0,0,,#4ADE80,,,0,,{},false,{}
1097232601,vscode-deepscan,Zeeeepa/vscode-deepscan,0,0,,#4ADE80,,,0,,{},false,{}
1061474572,jet_notes,Zeeeepa/jet_notes,0,0,,#4ADE80,,,0,,{},false,{}
1061475121,jet_redis,Zeeeepa/jet_redis,0,0,,#4ADE80,,,0,,{},false,{}
1066798872,fuck-u-code,Zeeeepa/fuck-u-code,0,0,,#4ADE80,,,0,,{},false,{}
1068771722,zai,Zeeeepa/zai,0,0,,#4ADE80,,,0,,{},false,{}
1081233129,nanobrowser,Zeeeepa/nanobrowser,0,0,,#4ADE80,,,0,,{},false,{}
1075776160,ResourcePoison,Zeeeepa/ResourcePoison,0,0,,#4ADE80,,,0,,{},false,{}
1085352782,codedog,Zeeeepa/codedog,0,0,,#4ADE80,,,0,,{},false,{}
1073268463,unnamed_game_1_v2,Zeeeepa/unnamed_game_1_v2,0,0,,#4ADE80,,,0,,{},false,{}
1075774607,stellar-data-recovery-free,Zeeeepa/stellar-data-recovery-free,0,0,,#4ADE80,,,0,,{},false,{}
1075775526,bypass-all,Zeeeepa/bypass-all,0,0,,#4ADE80,,,0,,{},false,{}
1016551269,moonfy.github.io,Zeeeepa/moonfy.github.io,0,0,,#4ADE80,,,0,,{},false,{}
1075770032,wm001,Zeeeepa/wm001,0,0,,#4ADE80,,,0,,{},false,{}
1075772482,joycode-agent,Zeeeepa/joycode-agent,0,0,,#4ADE80,,,0,,{},false,{}
1075776566,pyversity,Zeeeepa/pyversity,0,0,,#4ADE80,,,0,,{},false,{}
1033059905,AngryOxide,Zeeeepa/AngryOxide,0,0,,#4ADE80,,,0,,{},false,{}
1035115432,autogen,Zeeeepa/autogen,0,0,,#4ADE80,,,0,,{},false,{}
1038267873,browser-echo,Zeeeepa/browser-echo,0,0,,#4ADE80,,,0,,{},false,{}
1026554044,context-engineering-intro,Zeeeepa/context-engineering-intro,0,0,,#4ADE80,,,0,,{},false,{}
1000283469,DeepResearchAgent,Zeeeepa/DeepResearchAgent,0,0,,#4ADE80,,,0,,{},false,{}
1033069909,dirsearch,Zeeeepa/dirsearch,0,0,,#4ADE80,,,0,,{},false,{}
1045373695,everything-ai-chat,Zeeeepa/everything-ai-chat,0,0,,#4ADE80,,,0,,{},false,{}
1035116066,FileScopeMCP,Zeeeepa/FileScopeMCP,0,0,,#4ADE80,,,0,,{},false,{}
1057589507,langchain-code,Zeeeepa/langchain-code,0,0,,#4ADE80,,,0,,{},false,{}
1016549576,MultiAgentPPT,Zeeeepa/MultiAgentPPT,0,0,,#4ADE80,,,0,,{},false,{}
1035647797,open-lovable,Zeeeepa/open-lovable,0,0,,#4ADE80,,,0,,{},false,{}
998572581,open-swe,Zeeeepa/open-swe,0,0,,#4ADE80,,,0,,{},false,{}
996447603,vibetest-use,Zeeeepa/vibetest-use,0,0,,#4ADE80,,,0,,{},false,{}
1037072382,pyrust-bt,Zeeeepa/pyrust-bt,0,0,,#4ADE80,,,0,,{},false,{}
1066165590,Prompts,Zeeeepa/Prompts,0,0,,#4ADE80,,,0,,{},false,{}
1097341217,CredMaster,Zeeeepa/CredMaster,0,0,,#4ADE80,,,0,,{},false,{}
1091710812,chrome-fingerprints,Zeeeepa/chrome-fingerprints,0,0,,#4ADE80,,,0,,{},false,{}
1066190685,chat2api,Zeeeepa/chat2api,0,0,,#4ADE80,,,0,,{},false,{}
1050193123,claude-code-nexus,Zeeeepa/claude-code-nexus,0,0,,#4ADE80,,,0,,{},false,{}
1049538453,OpenAI-Compatible-API-Proxy-for-Z,Zeeeepa/OpenAI-Compatible-API-Proxy-for-Z,0,0,,#4ADE80,,,0,,{},false,{}
1065115830,gcli2api,Zeeeepa/gcli2api,0,0,,#4ADE80,,,0,,{},false,{}
1054629732,ZtoApits,Zeeeepa/ZtoApits,0,0,,#4ADE80,,,0,,{},false,{}
1065111219,DecompilerServer,Zeeeepa/DecompilerServer,0,0,,#4ADE80,,,0,,{},false,{}
1065109692,k2think2api2,Zeeeepa/k2think2api2,0,0,,#4ADE80,,,0,,{},false,{}
1065108656,k2Think2Api,Zeeeepa/k2Think2Api,0,0,,#4ADE80,,,0,,{},false,{}
1061315038,grok2api,Zeeeepa/grok2api,0,0,,#4ADE80,,,0,,{},false,{}
1065113667,qwenchat2api,Zeeeepa/qwenchat2api,0,0,,#4ADE80,,,0,,{},false,{}
1103449334,mini-agent2,Zeeeepa/mini-agent2,0,0,,#4ADE80,,,0,,{},false,{}
1103448219,daiv-sandbox,Zeeeepa/daiv-sandbox,0,0,,#4ADE80,,,0,,{},false,{}
1103447575,pytest-language-server,Zeeeepa/pytest-language-server,0,0,,#4ADE80,,,0,,{},false,{}
1103447705,Mini-Agent,Zeeeepa/Mini-Agent,0,0,,#4ADE80,,,0,,{},false,{}
1103446085,django-repl,Zeeeepa/django-repl,0,0,,#4ADE80,,,0,,{},false,{}
1103440651,daiv,Zeeeepa/daiv,0,0,,#4ADE80,,,0,,{},false,{}
1061586524,zai-python-sdk,Zeeeepa/zai-python-sdk,0,0,,#4ADE80,,,0,,{},false,{}
1094288603,vscode-mcp,Zeeeepa/vscode-mcp,0,0,,#4ADE80,,,0,,{},false,{}
1085722135,sub-agents,Zeeeepa/sub-agents,0,0,,#4ADE80,,,0,,{},false,{}
1095767084,pydapter,Zeeeepa/pydapter,0,0,,#4ADE80,,,0,,{},false,{}
1078410761,ida-cyberchef,Zeeeepa/ida-cyberchef,0,0,,#4ADE80,,,0,,{},false,{}
1076882849,gpt_academic,Zeeeepa/gpt_academic,0,0,,#4ADE80,,,0,,{},false,{}
1088444321,clinicaltrialsgov-mcp-server,Zeeeepa/clinicaltrialsgov-mcp-server,0,0,,#4ADE80,,,0,,{},false,{}
1094608275,Agent-Interaction-Protocol,Zeeeepa/Agent-Interaction-Protocol,0,0,,#4ADE80,,,0,,{},false,{}
1097347864,exploits,Zeeeepa/exploits,0,0,,#4ADE80,,,0,,{},false,{}
1092576465,jebmcp,Zeeeepa/jebmcp,0,0,,#4ADE80,,,0,,{},false,{}
1092678026,lsp,Zeeeepa/lsp,0,0,,#4ADE80,,,0,,{},false,{}
1084917776,zai-api,Zeeeepa/zai-api,0,0,,#4ADE80,,,0,,{},false,{}
1092351620,DeepResearch,Zeeeepa/DeepResearch,0,0,,#4ADE80,,,0,,{},false,{}
1084877593,minimal-claude,Zeeeepa/minimal-claude,0,0,,#4ADE80,,,0,,{},false,{}
1085422147,guild,Zeeeepa/guild,0,0,,#4ADE80,,,0,,{},false,{}
1084420668,LinearRAG,Zeeeepa/LinearRAG,0,0,,#4ADE80,,,0,,{},false,{}
1087442053,agent-sandbox,Zeeeepa/agent-sandbox,0,0,,#4ADE80,,,0,,{},false,{}
979908505,bolt.diy,Zeeeepa/bolt.diy,0,0,,#4ADE80,,,0,,{},false,{}
1084872724,sleepless-agent,Zeeeepa/sleepless-agent,0,0,,#4ADE80,,,0,,{},false,{}
1090596182,agent-os,Zeeeepa/agent-os,0,0,,#4ADE80,,,0,,{},false,{}
1085579300,awesome-claude-skills,Zeeeepa/awesome-claude-skills,0,0,,#4ADE80,,,0,,{},false,{}
1085395080,LummaC2-Stealer,Zeeeepa/LummaC2-Stealer,0,0,,#4ADE80,,,0,,{},false,{}
1085394866,rustransomware,Zeeeepa/rustransomware,0,0,,#4ADE80,,,0,,{},false,{}
1061706230,RAG-Anything,Zeeeepa/RAG-Anything,0,0,,#4ADE80,,,0,,{},false,{}
1082386017,scancode-toolkit,Zeeeepa/scancode-toolkit,0,0,,#4ADE80,,,0,,{},false,{}
1082262484,dasein-core,Zeeeepa/dasein-core,0,0,,#4ADE80,,,0,,{},false,{}
1078545791,skills,Zeeeepa/skills,0,0,,#4ADE80,,,0,,{},false,{}
1060953012,z.ai2api_python,Zeeeepa/z.ai2api_python,0,0,,#4ADE80,,,0,,{},false,{}
1072570268,droid2api,Zeeeepa/droid2api,0,0,,#4ADE80,,,0,,{},false,{}
1060688721,cipher,Zeeeepa/cipher,0,0,,#4ADE80,,,0,,{},false,{}
1033076957,WhatWeb,Zeeeepa/WhatWeb,0,0,,#4ADE80,,,0,,{},false,{}
1075571568,blaze,Zeeeepa/blaze,0,0,,#4ADE80,,,0,,{},false,{}
1075557431,claude-skills,Zeeeepa/claude-skills,0,0,,#4ADE80,,,0,,{},false,{}
1066166547,PNT3,Zeeeepa/PNT3,0,0,,#4ADE80,,,0,,{},false,{}
949252799,potpie,Zeeeepa/potpie,0,0,,#4ADE80,,,0,,{},false,{}
1035636839,Neosgenesis,Zeeeepa/Neosgenesis,0,0,,#4ADE80,,,0,,{},false,{}
1071176953,NetworkHound,Zeeeepa/NetworkHound,0,0,,#4ADE80,,,0,,{},false,{}
1002284421,mcp-chrome,Zeeeepa/mcp-chrome,0,0,,#4ADE80,,,0,,{},false,{}
1064718335,SetupHijack,Zeeeepa/SetupHijack,0,0,,#4ADE80,,,0,,{},false,{}
998541757,garlic,Zeeeepa/garlic,0,0,,#4ADE80,,,0,,{},false,{}
1061345334,code2prompt,Zeeeepa/code2prompt,0,0,,#4ADE80,,,0,,{},false,{}
1049533298,ZtoApi,Zeeeepa/ZtoApi,0,0,,#4ADE80,,,0,,{},false,{}
1054674856,claude-init,Zeeeepa/claude-init,0,0,,#4ADE80,,,0,,{},false,{}
1066036556,claude-code-hub,Zeeeepa/claude-code-hub,0,0,,#4ADE80,,,0,,{},false,{}
1054686899,chatGPTBox,Zeeeepa/chatGPTBox,0,0,,#4ADE80,,,0,,{},false,{}
1061678133,cc-sessions,Zeeeepa/cc-sessions,0,0,,#4ADE80,,,0,,{},false,{}
1054669605,spec-kit,Zeeeepa/spec-kit,0,0,,#4ADE80,,,0,,{},false,{}
1071424252,pipedream-sdk-python,Zeeeepa/pipedream-sdk-python,0,0,,#4ADE80,,,0,,{},false,{}
1073691855,astermind-elm-mcp,Zeeeepa/astermind-elm-mcp,0,0,,#4ADE80,,,0,,{},false,{}
1029110986,zen-mcp-server,Zeeeepa/zen-mcp-server,0,0,,#4ADE80,,,0,,{},false,{}
1072581048,gplay-scraper,Zeeeepa/gplay-scraper,0,0,,#4ADE80,,,0,,{},false,{}
998587988,supermemory-mcp,Zeeeepa/supermemory-mcp,0,0,,#4ADE80,,,0,,{},false,{}
1028725666,SWE-agent,Zeeeepa/SWE-agent,0,0,,#4ADE80,,,0,,{},false,{}
1075794360,CodeFuse-Embeddings,Zeeeepa/CodeFuse-Embeddings,0,0,,#4ADE80,,,0,,{},false,{}
1038335913,ScreenCoder,Zeeeepa/ScreenCoder,0,0,,#4ADE80,,,0,,{},false,{}
1033080346,Sn1per,Zeeeepa/Sn1per,0,0,,#4ADE80,,,0,,{},false,{}
1016975152,hackingtool,Zeeeepa/hackingtool,0,0,,#4ADE80,,,0,,{},false,{}
1065116066,Z.ai2api,Zeeeepa/Z.ai2api,0,0,,#4ADE80,,,0,,{},false,{}
967271126,stagehand,Zeeeepa/stagehand,0,0,,#4ADE80,,,0,,{},false,{}
1033079794,Scanners-Box,Zeeeepa/Scanners-Box,0,0,,#4ADE80,,,0,,{},false,{}
1033083445,RustScan,Zeeeepa/RustScan,0,0,,#4ADE80,,,0,,{},false,{}
1041112662,Silent-PDF-Exploit-ZeroTrace-PoC,Zeeeepa/Silent-PDF-Exploit-ZeroTrace-PoC,0,0,,#4ADE80,,,0,,{},false,{}
1035647407,Windows-Sandbox-Tools,Zeeeepa/Windows-Sandbox-Tools,0,0,,#4ADE80,,,0,,{},false,{}
955147513,softwaredesign-llm-application,Zeeeepa/softwaredesign-llm-application,0,0,,#4ADE80,,,0,,{},false,{}
1033075431,cameradar,Zeeeepa/cameradar,0,0,,#4ADE80,,,0,,{},false,{}
1033078351,commando-vm,Zeeeepa/commando-vm,0,0,,#4ADE80,,,0,,{},false,{}
1066165805,Arsenal,Zeeeepa/Arsenal,0,0,,#4ADE80,,,0,,{},false,{}
1075509445,superpowers-skills,Zeeeepa/superpowers-skills,0,0,,#4ADE80,,,0,,{},false,{}
1002612107,memvid,Zeeeepa/memvid,0,0,,#4ADE80,,,0,,{},false,{}
983991769,maestro,Zeeeepa/maestro,0,0,,#4ADE80,,,0,,{},false,{}
985234303,mcpm.sh,Zeeeepa/mcpm.sh,0,0,,#4ADE80,,,0,,{},false,{}
1045360900,growchief,Zeeeepa/growchief,0,0,,#4ADE80,,,0,,{},false,{}
1088452804,appmap-js,Zeeeepa/appmap-js,0,0,,#4ADE80,,,0,,{},false,{}
1073940431,HeadlessX,Zeeeepa/HeadlessX,0,0,,#4ADE80,,,0,,{},false,{}
1092574925,jaegis-RAVERSE,Zeeeepa/jaegis-RAVERSE,0,0,,#4ADE80,,,0,,{},false,{}
1087395836,social-analyzer,Zeeeepa/social-analyzer,0,0,,#4ADE80,,,0,,{},false,{}
1087558930,DeepResearchAgent1,Zeeeepa/DeepResearchAgent1,0,0,,#4ADE80,,,0,,{},false,{}
1088491888,SecretScout,Zeeeepa/SecretScout,0,0,,#4ADE80,,,0,,{},false,{}
1094636941,nps,Zeeeepa/nps,0,0,,#4ADE80,,,0,,{},false,{}
1088204205,evershop,Zeeeepa/evershop,0,0,,#4ADE80,,,0,,{},false,{}
1088384303,composio,Zeeeepa/composio,0,0,,#4ADE80,,,0,,{},false,{}
1094969813,apocalypse-the-server,Zeeeepa/apocalypse-the-server,0,0,,#4ADE80,,,0,,{},false,{}
1091650799,SilentButDeadly,Zeeeepa/SilentButDeadly,0,0,,#4ADE80,,,0,,{},false,{}
1088534457,Vert-Stealer,Zeeeepa/Vert-Stealer,0,0,,#4ADE80,,,0,,{},false,{}
1065110392,qwen-api,Zeeeepa/qwen-api,0,0,,#4ADE80,,,0,,{},false,{}
1091652873,keyleak-detector,Zeeeepa/keyleak-detector,0,0,,#4ADE80,,,0,,{},false,{}
1054661958,RepoMaster,Zeeeepa/RepoMaster,0,0,,#4ADE80,,,0,,{},false,{}
1066114591,AutoServe,Zeeeepa/AutoServe,0,0,,#4ADE80,,,0,,{},false,{}
1079828049,Mindustry,Zeeeepa/Mindustry,0,0,,#4ADE80,,,0,,{},false,{}
1054648720,Auditor,Zeeeepa/Auditor,0,0,,#4ADE80,,,0,,{},false,{}
1043534414,DeepCode,Zeeeepa/DeepCode,0,0,,#4ADE80,,,0,,{},false,{}
1026743112,sec-gemini,Zeeeepa/sec-gemini,0,0,,#4ADE80,,,0,,{},false,{}
1059930446,pink,Zeeeepa/pink,0,0,,#4ADE80,,,0,,{},false,{}
1071180495,hint-break,Zeeeepa/hint-break,0,0,,#4ADE80,,,0,,{},false,{}
1033075328,Nettacker,Zeeeepa/Nettacker,0,0,,#4ADE80,,,0,,{},false,{}
960662287,awesome-llm-apps,Zeeeepa/awesome-llm-apps,0,0,,#4ADE80,,,0,,{},false,{}
1019675319,graphiti,Zeeeepa/graphiti,0,0,,#4ADE80,,,0,,{},false,{}
1064785478,ShinkaEvolve,Zeeeepa/ShinkaEvolve,0,0,,#4ADE80,,,0,,{},false,{}
1066046520,Dayflow,Zeeeepa/Dayflow,0,0,,#4ADE80,,,0,,{},false,{}
1041071748,bisheng,Zeeeepa/bisheng,0,0,,#4ADE80,,,0,,{},false,{}
1075638512,the-markovian-thinker,Zeeeepa/the-markovian-thinker,0,0,,#4ADE80,,,0,,{},false,{}
1060946076,SonicVale,Zeeeepa/SonicVale,0,0,,#4ADE80,,,0,,{},false,{}
1082345663,agent-ide,Zeeeepa/agent-ide,0,0,,#4ADE80,,,0,,{},false,{}
995113255,EvoAgentX,Zeeeepa/EvoAgentX,0,0,,#4ADE80,,,0,,{},false,{}
1054510742,Fabric,Zeeeepa/Fabric,0,0,,#4ADE80,,,0,,{},false,{}
1083891085,droidrun,Zeeeepa/droidrun,0,0,,#4ADE80,,,0,,{},false,{}
1063063223,XCodeReviewer,Zeeeepa/XCodeReviewer,0,0,,#4ADE80,,,0,,{},false,{}
1016874964,ottomator-agents,Zeeeepa/ottomator-agents,0,0,,#4ADE80,,,0,,{},false,{}
1054768608,flint,Zeeeepa/flint,0,0,,#4ADE80,,,0,,{},false,{}
1045362008,Phantom,Zeeeepa/Phantom,0,0,,#4ADE80,,,0,,{},false,{}
1088422162,Claude-Code-Agent-Creator,Zeeeepa/Claude-Code-Agent-Creator,0,0,,#4ADE80,,,0,,{},false,{}
1031359169,supervision,Zeeeepa/supervision,0,0,,#4ADE80,,,0,,{},false,{}
1041112859,line,Zeeeepa/line,0,0,,#4ADE80,,,0,,{},false,{}
1042230177,sim,Zeeeepa/sim,0,0,,#4ADE80,,,0,,{},false,{}
1088328530,chrome2moz,Zeeeepa/chrome2moz,0,0,,#4ADE80,,,0,,{},false,{}
953642961,RD-Agent,Zeeeepa/RD-Agent,0,0,,#4ADE80,,,0,,{},false,{}
1047481001,XianyuAutoAgent,Zeeeepa/XianyuAutoAgent,0,0,,#4ADE80,,,0,,{},false,{}
1050195812,nekro-agent,Zeeeepa/nekro-agent,0,0,,#4ADE80,,,0,,{},false,{}
1015659138,Archon,Zeeeepa/Archon,0,0,,#4ADE80,,,0,,{},false,{}
1032584893,recce,Zeeeepa/recce,0,0,,#4ADE80,,,0,,{},false,{}
1069674551,airweave,Zeeeepa/airweave,0,0,,#4ADE80,,,0,,{},false,{}
1038262114,deepagents,Zeeeepa/deepagents,0,0,,#4ADE80,,,0,,{},false,{}
1002264678,PandaWiki,Zeeeepa/PandaWiki,0,0,,#4ADE80,,,0,,{},false,{}
1029297011,perfetto,Zeeeepa/perfetto,0,0,,#4ADE80,,,0,,{},false,{}
1047254338,AWorld,Zeeeepa/AWorld,0,0,,#4ADE80,,,0,,{},false,{}
1098808084,changedetection.io,Zeeeepa/changedetection.io,0,0,,#4ADE80,,,0,,{},false,{}
1102734126,ai-born-website,Zeeeepa/ai-born-website,0,0,,#4ADE80,,,0,,{},false,{}
1102722320,scip-lsp,Zeeeepa/scip-lsp,0,0,,#4ADE80,,,0,,{},false,{}
1103408540,llm-council,Zeeeepa/llm-council,0,0,,#4ADE80,,,0,,{},false,{}
1102724179,morphik-core,Zeeeepa/morphik-core,0,0,,#4ADE80,,,0,,{},false,{}
1102694568,scip-python,Zeeeepa/scip-python,0,0,,#4ADE80,,,0,,{},false,{}
1102697812,scip-typescript,Zeeeepa/scip-typescript,0,0,,#4ADE80,,,0,,{},false,{}
1102698187,repo-converter,Zeeeepa/repo-converter,0,0,,#4ADE80,,,0,,{},false,{}
1038301334,Chronos,Zeeeepa/Chronos,0,0,,#4ADE80,,,0,,{},false,{}
1102720937,scip-go,Zeeeepa/scip-go,0,0,,#4ADE80,,,0,,{},false,{}
1102721929,scip,Zeeeepa/scip,0,0,,#4ADE80,,,0,,{},false,{}
1073727255,agentapi,Zeeeepa/agentapi,0,0,,#4ADE80,,,0,,{},false,{}
1103171584,grainchain,Zeeeepa/grainchain,0,0,,#4ADE80,,,0,,{},false,{}
1103394741,agent-sandbox-skill,Zeeeepa/agent-sandbox-skill,0,0,,#4ADE80,,,0,,{},false,{}
1103188684,ade,Zeeeepa/ade,0,0,,#4ADE80,,,0,,{},false,{}
1098806069,dat,Zeeeepa/dat,0,0,,#4ADE80,,,0,,{},false,{}
1102719648,examplesnotes,Zeeeepa/examplesnotes,0,0,,#4ADE80,,,0,,{},false,{}
1102717738,stratify,Zeeeepa/stratify,0,0,,#4ADE80,,,0,,{},false,{}
1085184146,CodeWebChat,Zeeeepa/CodeWebChat,0,0,,#4ADE80,,,0,,{},false,{}
1102690851,daytona-hackday,Zeeeepa/daytona-hackday,0,0,,#4ADE80,,,0,,{},false,{}
1033083604,prowler,Zeeeepa/prowler,0,0,,#4ADE80,,,0,,{},false,{}
1099265813,lsmcp,Zeeeepa/lsmcp,0,0,,#4ADE80,,,0,,{},false,{}
1099289611,etf-data-scrape,Zeeeepa/etf-data-scrape,0,0,,#4ADE80,,,0,,{},false,{}
1099290467,aikb,Zeeeepa/aikb,0,0,,#4ADE80,,,0,,{},false,{}
1099290486,do-rag,Zeeeepa/do-rag,0,0,,#4ADE80,,,0,,{},false,{}
1100235240,edmunds-claude-code,Zeeeepa/edmunds-claude-code,0,0,,#4ADE80,,,0,,{},false,{}
1100235340,openskills,Zeeeepa/openskills,0,0,,#4ADE80,,,0,,{},false,{}
1102608606,cody,Zeeeepa/cody,0,0,,#4ADE80,,,0,,{},false,{}
1068580920,spyder-osint2,Zeeeepa/spyder-osint2,0,0,,#4ADE80,,,0,,{},false,{}
978213074,graph-sitter,Zeeeepa/graph-sitter,0,0,,#4ADE80,,,0,,{},false,{}
1102665554,specweave,Zeeeepa/specweave,0,0,,#4ADE80,,,0,,{},false,{}
1088386475,composio-base-py,Zeeeepa/composio-base-py,0,0,,#4ADE80,,,0,,{},false,{}
1069683192,copilot-cli,Zeeeepa/copilot-cli,0,0,,#4ADE80,,,0,,{},false,{}
1033082623,trivy,Zeeeepa/trivy,0,0,,#4ADE80,,,0,,{},false,{}
1062454401,codacy-cli-v2,Zeeeepa/codacy-cli-v2,0,0,,#4ADE80,,,0,,{},false,{}
1037268972,buttercup,Zeeeepa/buttercup,0,0,,#4ADE80,,,0,,{},false,{}
1049925880,vimium,Zeeeepa/vimium,0,0,,#4ADE80,,,0,,{},false,{}
1057383643,WSASS,Zeeeepa/WSASS,0,0,,#4ADE80,,,0,,{},false,{}
1074203288,xyflow,Zeeeepa/xyflow,0,0,,#4ADE80,,,0,,{},false,{}
1033082560,x64dbg,Zeeeepa/x64dbg,0,0,,#4ADE80,,,0,,{},false,{}
1078410797,plugin-repository,Zeeeepa/plugin-repository,0,0,,#4ADE80,,,0,,{},false,{}
1042219895,airi,Zeeeepa/airi,0,0,,#4ADE80,,,0,,{},false,{}
1071178568,otel,Zeeeepa/otel,0,0,,#4ADE80,,,0,,{},false,{}
1066165996,Containers,Zeeeepa/Containers,0,0,,#4ADE80,,,0,,{},false,{}
1045270380,Windows-MCP,Zeeeepa/Windows-MCP,0,0,,#4ADE80,,,0,,{},false,{}
1088388138,langflow,Zeeeepa/langflow,0,0,,#4ADE80,,,0,,{},false,{}
1072426126,openai-agents-python,Zeeeepa/openai-agents-python,0,0,,#4ADE80,,,0,,{},false,{}
1088410923,eslint-plugin-vitest,Zeeeepa/eslint-plugin-vitest,0,0,,#4ADE80,,,0,,{},false,{}
1077553899,neutts-air,Zeeeepa/neutts-air,0,0,,#4ADE80,,,0,,{},false,{}
1033075100,AllHackingTools,Zeeeepa/AllHackingTools,0,0,,#4ADE80,,,0,,{},false,{}
1085579280,claudekit-skills,Zeeeepa/claudekit-skills,0,0,,#4ADE80,,,0,,{},false,{}
1073863450,code-index-mcp,Zeeeepa/code-index-mcp,0,0,,#4ADE80,,,0,,{},false,{}
1033083936,openwifi,Zeeeepa/openwifi,0,0,,#4ADE80,,,0,,{},false,{}
1048485605,MobileAgent,Zeeeepa/MobileAgent,0,0,,#4ADE80,,,0,,{},false,{}
1028060084,PayloadsAllTheThings,Zeeeepa/PayloadsAllTheThings,0,0,,#4ADE80,,,0,,{},false,{}
1075539517,eliza,Zeeeepa/eliza,0,0,,#4ADE80,,,0,,{},false,{}
1049534550,thermoptic,Zeeeepa/thermoptic,0,0,,#4ADE80,,,0,,{},false,{}
1066892854,vibesdk,Zeeeepa/vibesdk,0,0,,#4ADE80,,,0,,{},false,{}
1041128806,semgrep,Zeeeepa/semgrep,0,0,,#4ADE80,,,0,,{},false,{}
1028068987,awesome-claude-code,Zeeeepa/awesome-claude-code,0,0,,#4ADE80,,,0,,{},false,{}
1048471307,theHarvester,Zeeeepa/theHarvester,0,0,,#4ADE80,,,0,,{},false,{}
1066122423,nekro-edge-template,Zeeeepa/nekro-edge-template,0,0,,#4ADE80,,,0,,{},false,{}
1063036495,EDR-Freeze,Zeeeepa/EDR-Freeze,0,0,,#4ADE80,,,0,,{},false,{}
1082387311,scancode.io,Zeeeepa/scancode.io,0,0,,#4ADE80,,,0,,{},false,{}
1083889031,vulnerablecode,Zeeeepa/vulnerablecode,0,0,,#4ADE80,,,0,,{},false,{}
996179453,tools,Zeeeepa/tools,0,0,,#4ADE80,,,0,,{},false,{}
1046460737,claude-flow,Zeeeepa/claude-flow,0,0,,#4ADE80,,,0,,{},false,{}
1059624699,nightingale,Zeeeepa/nightingale,0,0,,#4ADE80,,,0,,{},false,{}
1082720185,ultracite,Zeeeepa/ultracite,0,0,,#4ADE80,,,0,,{},false,{}
1048685703,mcp-knowledge-graph,Zeeeepa/mcp-knowledge-graph,0,0,,#4ADE80,,,0,,{},false,{}
1032088363,eino,Zeeeepa/eino,0,0,,#4ADE80,,,0,,{},false,{}
1063072377,FakeCryptoJS,Zeeeepa/FakeCryptoJS,0,0,,#4ADE80,,,0,,{},false,{}
1045368341,Youtu-agent,Zeeeepa/Youtu-agent,0,0,,#4ADE80,,,0,,{},false,{}
985493887,context7,Zeeeepa/context7,0,0,,#4ADE80,,,0,,{},false,{}
1032088901,reflex,Zeeeepa/reflex,0,0,,#4ADE80,,,0,,{},false,{}
1092680535,strix,Zeeeepa/strix,0,0,,#4ADE80,,,0,,{},false,{}
1098742377,ast-read-tools,Zeeeepa/ast-read-tools,0,0,,#4ADE80,,,0,,{},false,{}
1059624392,cypress,Zeeeepa/cypress,0,0,,#4ADE80,,,0,,{},false,{}
1057386877,danmu_api,Zeeeepa/danmu_api,0,0,,#4ADE80,,,0,,{},false,{}
1075506375,Microverse,Zeeeepa/Microverse,0,0,,#4ADE80,,,0,,{},false,{}
1049231362,AutoGPT,Zeeeepa/AutoGPT,0,0,,#4ADE80,,,0,,{},false,{}
960736466,agno,Zeeeepa/agno,0,0,,#4ADE80,,,0,,{},false,{}
985951829,sdk-python,Zeeeepa/sdk-python,0,0,,#4ADE80,,,0,,{},false,{}
1073335123,Legendary_OSINT,Zeeeepa/Legendary_OSINT,0,0,,#4ADE80,,,0,,{},false,{}
1072434452,fast-agent,Zeeeepa/fast-agent,0,0,,#4ADE80,,,0,,{},false,{}
1082527882,surfapp,Zeeeepa/surfapp,0,0,,#4ADE80,,,0,,{},false,{}
1012603787,lynlang,Zeeeepa/lynlang,0,0,,#4ADE80,,,0,,{},false,{}
1026747867,osv-scanner,Zeeeepa/osv-scanner,0,0,,#4ADE80,,,0,,{},false,{}
1089025434,maxun,Zeeeepa/maxun,0,0,,#4ADE80,,,0,,{},false,{}
980335753,UI-TARS-desktop,Zeeeepa/UI-TARS-desktop,0,0,,#4ADE80,,,0,,{},false,{}
1017820659,gemini-cli,Zeeeepa/gemini-cli,0,0,,#4ADE80,,,0,,{},false,{}
1073777307,skyvern,Zeeeepa/skyvern,0,0,,#4ADE80,,,0,,{},false,{}
1050228209,crush,Zeeeepa/crush,0,0,,#4ADE80,,,0,,{},false,{}
1060945480,Packer-InfoFinder,Zeeeepa/Packer-InfoFinder,0,0,,#4ADE80,,,0,,{},false,{}
1094641811,task,Zeeeepa/task,0,0,,#4ADE80,,,0,,{},false,{}
1088410697,vitest,Zeeeepa/vitest,0,0,,#4ADE80,,,0,,{},false,{}
1062545804,bevy,Zeeeepa/bevy,0,0,,#4ADE80,,,0,,{},false,{}
1071182613,chrome-devtools-mcp,Zeeeepa/chrome-devtools-mcp,0,0,,#4ADE80,,,0,,{},false,{}
1048485810,windowsvm,Zeeeepa/windowsvm,0,0,,#4ADE80,,,0,,{},false,{}
1051254737,1Panel,Zeeeepa/1Panel,0,0,,#4ADE80,,,0,,{},false,{}
1047274560,wave,Zeeeepa/wave,0,0,,#4ADE80,,,0,,{},false,{}
1050235780,kestra,Zeeeepa/kestra,0,0,,#4ADE80,,,0,,{},false,{}
1090619479,pg_lake,Zeeeepa/pg_lake,0,0,,#4ADE80,,,0,,{},false,{}
1082342999,terminator,Zeeeepa/terminator,0,0,,#4ADE80,,,0,,{},false,{}
1066037567,claude-code-sdk-demos,Zeeeepa/claude-code-sdk-demos,0,0,,#4ADE80,,,0,,{},false,{}
1017759702,adk-samples,Zeeeepa/adk-samples,0,0,,#4ADE80,,,0,,{},false,{}
1037053742,spec-workflow-mcp,Zeeeepa/spec-workflow-mcp,0,0,,#4ADE80,,,0,,{},false,{}
1043535201,playwright-mcp,Zeeeepa/playwright-mcp,0,0,,#4ADE80,,,0,,{},false,{}
1071284194,pipedream,Zeeeepa/pipedream,0,0,,#4ADE80,,,0,,{},false,{}
953250067,gpt-researcher,Zeeeepa/gpt-researcher,0,0,,#4ADE80,,,0,,{},false,{}
1041074804,coze-studio,Zeeeepa/coze-studio,0,0,,#4ADE80,,,0,,{},false,{}
1031361907,dyad,Zeeeepa/dyad,0,0,,#4ADE80,,,0,,{},false,{}
1063056163,astron-rpa,Zeeeepa/astron-rpa,0,0,,#4ADE80,,,0,,{},false,{}
1094967247,kanbatte,Zeeeepa/kanbatte,0,0,,#4ADE80,,,0,,{},false,{}
1088598788,claude-code-infrastructure-showcase,Zeeeepa/claude-code-infrastructure-showcase,0,0,,#4ADE80,,,0,,{},false,{}
1083892545,winboat,Zeeeepa/winboat,0,0,,#4ADE80,,,0,,{},false,{}
1087740375,BettaFish,Zeeeepa/BettaFish,0,0,,#4ADE80,,,0,,{},false,{}
1076044673,SecLists,Zeeeepa/SecLists,0,0,,#4ADE80,,,0,,{},false,{}
1099277059,awesome-ai-apps,Zeeeepa/awesome-ai-apps,0,0,,#4ADE80,,,0,,{},false,{}
1087738899,Deep-Live-Cam,Zeeeepa/Deep-Live-Cam,0,0,,#4ADE80,,,0,,{},false,{}
1057873903,weave,Zeeeepa/weave,0,0,,#4ADE80,,,0,,{},false,{}
1004620856,adk-python,Zeeeepa/adk-python,0,0,,#4ADE80,,,0,,{},false,{}
1073691397,ag-ui,Zeeeepa/ag-ui,0,0,,#4ADE80,,,0,,{},false,{}
1050226156,omarchy,Zeeeepa/omarchy,0,0,,#4ADE80,,,0,,{},false,{}
1026565998,claude-code-sdk-python,Zeeeepa/claude-code-sdk-python,0,0,,#4ADE80,,,0,,{},false,{}
1083890648,ladybird,Zeeeepa/ladybird,0,0,,#4ADE80,,,0,,{},false,{}
1026553455,ai-goofish-monitor,Zeeeepa/ai-goofish-monitor,0,0,,#4ADE80,,,0,,{},false,{}
1066894153,Cloudflare-agents,Zeeeepa/Cloudflare-agents,0,0,,#4ADE80,,,0,,{},false,{}
1035626610,sourcebot,Zeeeepa/sourcebot,0,0,,#4ADE80,,,0,,{},false,{}
1041121744,WeKnora,Zeeeepa/WeKnora,0,0,,#4ADE80,,,0,,{},false,{}
1026744256,tsunami-security-scanner,Zeeeepa/tsunami-security-scanner,0,0,,#4ADE80,,,0,,{},false,{}
1070407640,qwen-code,Zeeeepa/qwen-code,0,0,,#4ADE80,,,0,,{},false,{}
1072446280,SurfSense,Zeeeepa/SurfSense,0,0,,#4ADE80,,,0,,{},false,{}
1055533264,garak,Zeeeepa/garak,0,0,,#4ADE80,,,0,,{},false,{}
1057460842,Paper2Agent,Zeeeepa/Paper2Agent,0,0,,#4ADE80,,,0,,{},false,{}
1040861936,BillionMail,Zeeeepa/BillionMail,0,0,,#4ADE80,,,0,,{},false,{}
1057873929,wandb,Zeeeepa/wandb,0,0,,#4ADE80,,,0,,{},false,{}
1011196146,genai-toolbox-mcp,Zeeeepa/genai-toolbox-mcp,0,0,,#4ADE80,,,0,,{},false,{}
1069669838,pathway,Zeeeepa/pathway,0,0,,#4ADE80,,,0,,{},false,{}
1019665748,smolagents,Zeeeepa/smolagents,0,0,,#4ADE80,,,0,,{},false,{}
1049529304,AntiHunter,Zeeeepa/AntiHunter,0,0,,#4ADE80,,,0,,{},false,{}
1029366389,cocoindex,Zeeeepa/cocoindex,0,0,,#4ADE80,,,0,,{},false,{}
1094968853,AgentX,Zeeeepa/AgentX,0,0,,#4ADE80,,,0,,{},false,{}
1098740613,devflow,Zeeeepa/devflow,0,0,,#4ADE80,,,0,,{},false,{}
1097999168,agentic-kit,Zeeeepa/agentic-kit,0,0,,#4ADE80,,,0,,{},false,{}
1097229325,tracy,Zeeeepa/tracy,0,0,,#4ADE80,,,0,,{},false,{}
1098045460,embedJs,Zeeeepa/embedJs,0,0,,#4ADE80,,,0,,{},false,{}
1099290971,ai_demo,Zeeeepa/ai_demo,0,0,,#4ADE80,,,0,,{},false,{}
1097820286,serena-modular-mcp,Zeeeepa/serena-modular-mcp,0,0,,#4ADE80,,,0,,{},false,{}
1071180282,-Linux-,Zeeeepa/-Linux-,0,0,,#4ADE80,,,0,,{},false,{}
1097868347,aiinbx-py,Zeeeepa/aiinbx-py,0,0,,#4ADE80,,,0,,{},false,{}
1097877477,codementor,Zeeeepa/codementor,0,0,,#4ADE80,,,0,,{},false,{}
1075511292,Agents-Claude-Code,Zeeeepa/Agents-Claude-Code,0,0,,#4ADE80,,,0,,{},false,{}
1069676701,agent-framework,Zeeeepa/agent-framework,0,0,,#4ADE80,,,0,,{},false,{}
1100542381,amq2api,Zeeeepa/amq2api,0,0,,#4ADE80,,,0,,{},false,{}
1100205854,ragforge,Zeeeepa/ragforge,0,0,,#4ADE80,,,0,,{},false,{}
1101969716,computesdk,Zeeeepa/computesdk,0,0,,#4ADE80,,,0,,{},false,{}
1091729070,sandbox-sdk,Zeeeepa/sandbox-sdk,0,0,,#4ADE80,,,0,,{},false,{}
1098697390,Clavix,Zeeeepa/Clavix,0,0,,#4ADE80,,,0,,{},false,{}
1102249793,wundr,Zeeeepa/wundr,0,0,,#4ADE80,,,0,,{},false,{}
1102491554,Antigravity2api,Zeeeepa/Antigravity2api,0,0,,#4ADE80,,,0,,{},false,{}
1102494046,antigravity-agent,Zeeeepa/antigravity-agent,0,0,,#4ADE80,,,0,,{},false,{}
1075718509,agentic-design-patterns-cn,Zeeeepa/agentic-design-patterns-cn,0,0,,#4ADE80,,,0,,{},false,{}
1102495072,Antigravity-,Zeeeepa/Antigravity-,0,0,,#4ADE80,,,0,,{},false,{}
1087490626,MJ,Zeeeepa/MJ,0,0,,#4ADE80,,,0,,{},false,{}
1065114672,k2think2api3,Zeeeepa/k2think2api3,0,0,,#4ADE80,,,0,,{},false,{}
1095760118,Memori,Zeeeepa/Memori,0,0,,#4ADE80,,,0,,{},false,{}
1096704599,dev3000,Zeeeepa/dev3000,0,0,,#4ADE80,,,0,,{},false,{}
1095376144,agent-build,Zeeeepa/agent-build,0,0,,#4ADE80,,,0,,{},false,{}
1071093005,dexto,Zeeeepa/dexto,0,0,,#4ADE80,,,0,,{},false,{}
1096724457,llm-orchestrator,Zeeeepa/llm-orchestrator,0,0,,#4ADE80,,,0,,{},false,{}
1094958024,snow-flow,Zeeeepa/snow-flow,0,0,,#4ADE80,,,0,,{},false,{}
1097876532,snow-code,Zeeeepa/snow-code,0,0,,#4ADE80,,,0,,{},false,{}
1096695107,athena-protocol,Zeeeepa/athena-protocol,0,0,,#4ADE80,,,0,,{},false,{}
1010685273,mcpb,Zeeeepa/mcpb,0,0,,#4ADE80,,,0,,{},false,{}
1060574291,youtu-graphrag,Zeeeepa/youtu-graphrag,0,0,,#4ADE80,,,0,,{},false,{}
1040861181,parlant,Zeeeepa/parlant,0,0,,#4ADE80,,,0,,{},false,{}
1037434856,mcp-access-point,Zeeeepa/mcp-access-point,0,0,,#4ADE80,,,0,,{},false,{}
1019674128,code-graph-rag,Zeeeepa/code-graph-rag,0,0,,#4ADE80,,,0,,{},false,{}
1082524298,QwenChat2Api2,Zeeeepa/QwenChat2Api2,0,0,,#4ADE80,,,0,,{},false,{}
1083288309,claude-cookbooks,Zeeeepa/claude-cookbooks,0,0,,#4ADE80,,,0,,{},false,{}
1018818762,WebAgent,Zeeeepa/WebAgent,0,0,,#4ADE80,,,0,,{},false,{}
1028063070,MIRIX,Zeeeepa/MIRIX,0,0,,#4ADE80,,,0,,{},false,{}
1082543214,DeepAnalyze,Zeeeepa/DeepAnalyze,0,0,,#4ADE80,,,0,,{},false,{}
1065111943,OneAPI,Zeeeepa/OneAPI,0,0,,#4ADE80,,,0,,{},false,{}
1050732505,elysia,Zeeeepa/elysia,0,0,,#4ADE80,,,0,,{},false,{}
1038337331,OxyGent,Zeeeepa/OxyGent,0,0,,#4ADE80,,,0,,{},false,{}
1085117053,mcp-lsp,Zeeeepa/mcp-lsp,0,0,,#4ADE80,,,0,,{},false,{}
1061703295,ck,Zeeeepa/ck,0,0,,#4ADE80,,,0,,{},false,{}
983767013,claude-task-master,Zeeeepa/claude-task-master,0,0,,#4ADE80,,,0,,{},false,{}
1075506500,superpowers,Zeeeepa/superpowers,0,0,,#4ADE80,,,0,,{},false,{}
1035791372,R-Zero,Zeeeepa/R-Zero,0,0,,#4ADE80,,,0,,{},false,{}
1087436700,chatgpt.js-chrome-starter,Zeeeepa/chatgpt.js-chrome-starter,0,0,,#4ADE80,,,0,,{},false,{}
1084866572,Repo2Run,Zeeeepa/Repo2Run,0,0,,#4ADE80,,,0,,{},false,{}
1059625923,UltraRAG,Zeeeepa/UltraRAG,0,0,,#4ADE80,,,0,,{},false,{}
1049540202,surf,Zeeeepa/surf,0,0,,#4ADE80,,,0,,{},false,{}
1085215704,midscene,Zeeeepa/midscene,0,0,,#4ADE80,,,0,,{},false,{}
1082149879,libraries.io,Zeeeepa/libraries.io,0,0,,#4ADE80,,,0,,{},false,{}
1091652760,acemcp,Zeeeepa/acemcp,0,0,,#4ADE80,,,0,,{},false,{}
1094608657,S1-Parser,Zeeeepa/S1-Parser,0,0,,#4ADE80,,,0,,{},false,{}
1091773524,crawlee-python,Zeeeepa/crawlee-python,0,0,,#4ADE80,,,0,,{},false,{}
1092551931,agentica,Zeeeepa/agentica,0,0,,#4ADE80,,,0,,{},false,{}
1061346374,PromptX,Zeeeepa/PromptX,0,0,,#4ADE80,,,0,,{},false,{}
1018820337,MediaCrawler,Zeeeepa/MediaCrawler,0,0,,#4ADE80,,,0,,{},false,{}
953247268,PAI-RAG,Zeeeepa/PAI-RAG,0,0,,#4ADE80,,,0,,{},false,{}
1091670196,example,Zeeeepa/example,0,0,,#4ADE80,,,0,,{},false,{}
1066826413,aipyapp,Zeeeepa/aipyapp,0,0,,#4ADE80,,,0,,{},false,{}
1057874009,catnip,Zeeeepa/catnip,0,0,,#4ADE80,,,0,,{},false,{}
1046302133,budibase,Zeeeepa/budibase,0,0,,#4ADE80,,,0,,{},false,{}
1083663728,3x-ui,Zeeeepa/3x-ui,0,0,,#4ADE80,,,0,,{},false,{}
1092591455,ay-claude-templates,Zeeeepa/ay-claude-templates,0,0,,#4ADE80,,,0,,{},false,{}
1063055341,astron-agent,Zeeeepa/astron-agent,0,0,,#4ADE80,,,0,,{},false,{}
1085411022,forge,Zeeeepa/forge,0,0,,#4ADE80,,,0,,{},false,{}
1094608730,lemonai,Zeeeepa/lemonai,0,0,,#4ADE80,,,0,,{},false,{}
1095318888,superinterface,Zeeeepa/superinterface,0,0,,#4ADE80,,,0,,{},false,{}
1090631162,mcporter,Zeeeepa/mcporter,0,0,,#4ADE80,,,0,,{},false,{}
968133243,liam,Zeeeepa/liam,0,0,,#4ADE80,,,0,,{},false,{}
1012211809,SuperClaude,Zeeeepa/SuperClaude,0,0,,#4ADE80,,,0,,{},false,{}
1094302267,x,Zeeeepa/x,0,0,,#4ADE80,,,0,,{},false,{}
1094441074,TrendRadar,Zeeeepa/TrendRadar,0,0,,#4ADE80,,,0,,{},false,{}
1094640644,catwalk,Zeeeepa/catwalk,0,0,,#4ADE80,,,0,,{},false,{}
1094640202,fantasy,Zeeeepa/fantasy,0,0,,#4ADE80,,,0,,{},false,{}
1094633821,Folo,Zeeeepa/Folo,0,0,,#4ADE80,,,0,,{},false,{}
1094959773,claudecodeui,Zeeeepa/claudecodeui,0,0,,#4ADE80,,,0,,{},false,{}
1094992984,ai-mesh,Zeeeepa/ai-mesh,0,0,,#4ADE80,,,0,,{},false,{}
1094618762,adk-go,Zeeeepa/adk-go,0,0,,#4ADE80,,,0,,{},false,{}
1094938916,open-webui,Zeeeepa/open-webui,0,0,,#4ADE80,,,0,,{},false,{}
1095717301,yolox,Zeeeepa/yolox,0,0,,#4ADE80,,,0,,{},false,{}
1095764676,LEANN,Zeeeepa/LEANN,0,0,,#4ADE80,,,0,,{},false,{}
1082528984,sandbox-runtime,Zeeeepa/sandbox-runtime,0,0,,#4ADE80,,,0,,{},false,{}
1095378254,dify,Zeeeepa/dify,0,0,,#4ADE80,,,0,,{},false,{}
1095371753,neovate-code,Zeeeepa/neovate-code,0,0,,#4ADE80,,,0,,{},false,{}
1095760873,LightRAG,Zeeeepa/LightRAG,0,0,,#4ADE80,,,0,,{},false,{}
1097231035,self-modifying-api,Zeeeepa/self-modifying-api,0,0,,#4ADE80,,,0,,{},false,{}
1096695845,mercury-spec-ops,Zeeeepa/mercury-spec-ops,0,0,,#4ADE80,,,0,,{},false,{}
1082391062,autobe,Zeeeepa/autobe,0,0,,#4ADE80,,,0,,{},false,{}
1094966389,code,Zeeeepa/code,0,0,,#4ADE80,,,0,,{},false,{}
1096986401,dspy.ts,Zeeeepa/dspy.ts,0,0,,#4ADE80,,,0,,{},false,{}
1064757777,coding-agent-template,Zeeeepa/coding-agent-template,0,0,,#4ADE80,,,0,,{},false,{}
1055533366,registry,Zeeeepa/registry,0,0,,#4ADE80,,,0,,{},false,{}
1004696216,atlantis-mcp-server,Zeeeepa/atlantis-mcp-server,0,0,,#4ADE80,,,0,,{},false,{}
985234603,mcphub,Zeeeepa/mcphub,0,0,,#4ADE80,,,0,,{},false,{}
1097342544,code-mode,Zeeeepa/code-mode,0,0,,#4ADE80,,,0,,{},false,{}
1097228440,n8n-workflows,Zeeeepa/n8n-workflows,0,0,,#4ADE80,,,0,,{},false,{}
1097344717,docker-elk,Zeeeepa/docker-elk,0,0,,#4ADE80,,,0,,{},false,{}
1097352841,vibecast,Zeeeepa/vibecast,0,0,,#4ADE80,,,0,,{},false,{}
1097348048,botasaurus,Zeeeepa/botasaurus,0,0,,#4ADE80,,,0,,{},false,{}
1097344221,simplest-k8s,Zeeeepa/simplest-k8s,0,0,,#4ADE80,,,0,,{},false,{}
1097343468,frida,Zeeeepa/frida,0,0,,#4ADE80,,,0,,{},false,{}
1073869410,webscout-mcp,Zeeeepa/webscout-mcp,0,0,,#4ADE80,,,0,,{},false,{}
1095034967,npm,Zeeeepa/npm,0,0,,#4ADE80,,,0,,{},false,{}
1095760685,call-center-ai,Zeeeepa/call-center-ai,0,0,,#4ADE80,,,0,,{},false,{}
1095637750,scrape-it,Zeeeepa/scrape-it,0,0,,#4ADE80,,,0,,{},false,{}
1095551353,VisoMaster,Zeeeepa/VisoMaster,0,0,,#4ADE80,,,0,,{},false,{}
1095378793,FluentRead,Zeeeepa/FluentRead,0,0,,#4ADE80,,,0,,{},false,{}
1095374916,magi,Zeeeepa/magi,0,0,,#4ADE80,,,0,,{},false,{}
1094707099,cnpmcore,Zeeeepa/cnpmcore,0,0,,#4ADE80,,,0,,{},false,{}
1094970866,klaude,Zeeeepa/klaude,0,0,,#4ADE80,,,0,,{},false,{}
1094641850,parse-server,Zeeeepa/parse-server,0,0,,#4ADE80,,,0,,{},false,{}
1094641793,parse-dashboard,Zeeeepa/parse-dashboard,0,0,,#4ADE80,,,0,,{},false,{}
1094631624,vlurp,Zeeeepa/vlurp,0,0,,#4ADE80,,,0,,{},false,{}
974216081,serena,Zeeeepa/serena,0,0,,#4ADE80,,,0,,{},false,{}
1030190785,workflows-py,Zeeeepa/workflows-py,0,0,,#4ADE80,,,0,,{},false,{}
1075944756,notes,Zeeeepa/notes,0,0,,#4ADE80,,,0,,{},false,{}
1061473233,JetScripts,Zeeeepa/JetScripts,0,0,,#4ADE80,,,0,,{},false,{}
1094603547,S1-MatAgent,Zeeeepa/S1-MatAgent,0,0,,#4ADE80,,,0,,{},false,{}
1094530396,chatgpt-adapter,Zeeeepa/chatgpt-adapter,0,0,,#4ADE80,,,0,,{},false,{}
1034540189,jet_python_modules,Zeeeepa/jet_python_modules,0,0,,#4ADE80,,,0,,{},false,{}
1094403501,MinerU,Zeeeepa/MinerU,0,0,,#4ADE80,,,0,,{},false,{}
1092575460,tinkaton,Zeeeepa/tinkaton,0,0,,#4ADE80,,,0,,{},false,{}
953662110,Flowise,Zeeeepa/Flowise,0,0,,#4ADE80,,,0,,{},false,{}
1038335963,opencode,Zeeeepa/opencode,0,0,,#4ADE80,,,0,,{},false,{}
1041078626,nautilus_trader,Zeeeepa/nautilus_trader,0,0,,#4ADE80,,,0,,{},false,{}
1084169495,AI-Trader,Zeeeepa/AI-Trader,0,0,,#4ADE80,,,0,,{},false,{}
974498883,aigne-framework,Zeeeepa/aigne-framework,0,0,,#4ADE80,,,0,,{},false,{}
972657492,pr-agent,Zeeeepa/pr-agent,0,0,,#4ADE80,,,0,,{},false,{}
1088483027,devtools,Zeeeepa/devtools,0,0,,#4ADE80,,,0,,{},false,{}
1082387581,continue,Zeeeepa/continue,0,0,,#4ADE80,,,0,,{},false,{}
1033079306,cve-reference-ingest,Zeeeepa/cve-reference-ingest,0,0,,#4ADE80,,,0,,{},false,{}
1088203417,nitro,Zeeeepa/nitro,0,0,,#4ADE80,,,0,,{},false,{}
959958241,ida-pro-mcp,Zeeeepa/ida-pro-mcp,0,0,,#4ADE80,,,0,,{},false,{}
980332960,voltagent,Zeeeepa/voltagent,0,0,,#4ADE80,,,0,,{},false,{}
1088483329,vite-plugin-react,Zeeeepa/vite-plugin-react,0,0,,#4ADE80,,,0,,{},false,{}
1076006595,flyctl,Zeeeepa/flyctl,0,0,,#4ADE80,,,0,,{},false,{}
1071180610,chatkit-python,Zeeeepa/chatkit-python,0,0,,#4ADE80,,,0,,{},false,{}
1091729623,cloudflare-go,Zeeeepa/cloudflare-go,0,0,,#4ADE80,,,0,,{},false,{}
1091718118,clarity,Zeeeepa/clarity,0,0,,#4ADE80,,,0,,{},false,{}
1091654342,cloudflare-manager,Zeeeepa/cloudflare-manager,0,0,,#4ADE80,,,0,,{},false,{}
1038000172,git_manager,Zeeeepa/git_manager,0,0,,#4ADE80,,,0,,{},false,{}
1018820042,odoo,Zeeeepa/odoo,0,0,,#4ADE80,,,0,,{},false,{}
1085413259,opencode-web,Zeeeepa/opencode-web,0,0,,#4ADE80,,,0,,{},false,{}
1041072939,ubicloud,Zeeeepa/ubicloud,0,0,,#4ADE80,,,0,,{},false,{}
1038301745,harmony,Zeeeepa/harmony,0,0,,#4ADE80,,,0,,{},false,{}
1041124230,dinov3,Zeeeepa/dinov3,0,0,,#4ADE80,,,0,,{},false,{}
966738532,mcp-agent,Zeeeepa/mcp-agent,0,0,,#4ADE80,,,0,,{},false,{}
1063061085,harmonyTarget,Zeeeepa/harmonyTarget,0,0,,#4ADE80,,,0,,{},false,{}
1063665651,promptflow,Zeeeepa/promptflow,0,0,,#4ADE80,,,0,,{},false,{}
1042344157,syncthing,Zeeeepa/syncthing,0,0,,#4ADE80,,,0,,{},false,{}
1067804193,Cloudflare-vless-trojan,Zeeeepa/Cloudflare-vless-trojan,0,0,,#4ADE80,,,0,,{},false,{}
1088386110,open-rube,Zeeeepa/open-rube,0,0,,#4ADE80,,,0,,{},false,{}
1079832858,yaak,Zeeeepa/yaak,0,0,,#4ADE80,,,0,,{},false,{}
1071183162,perp-dex-tools,Zeeeepa/perp-dex-tools,0,0,,#4ADE80,,,0,,{},false,{}
1088203571,minio,Zeeeepa/minio,0,0,,#4ADE80,,,0,,{},false,{}
1038335702,sst,Zeeeepa/sst,0,0,,#4ADE80,,,0,,{},false,{}
1038355640,xianyu-auto-reply,Zeeeepa/xianyu-auto-reply,0,0,,#4ADE80,,,0,,{},false,{}
1061346038,PromptEnhancer,Zeeeepa/PromptEnhancer,0,0,,#4ADE80,,,0,,{},false,{}
1059745018,api,Zeeeepa/api,0,0,,#4ADE80,,,0,,{},false,{}
1066800490,ai-dev-tasks,Zeeeepa/ai-dev-tasks,0,0,,#4ADE80,,,0,,{},false,{}
1034630801,langextract,Zeeeepa/langextract,0,0,,#4ADE80,,,0,,{},false,{}
1061342787,prompt-optimizer,Zeeeepa/prompt-optimizer,0,0,,#4ADE80,,,0,,{},false,{}
1046772365,AIPscan,Zeeeepa/AIPscan,0,0,,#4ADE80,,,0,,{},false,{}
953249833,wiseflow,Zeeeepa/wiseflow,0,0,,#4ADE80,,,0,,{},false,{}
1033083557,scapy,Zeeeepa/scapy,0,0,,#4ADE80,,,0,,{},false,{}
1054653378,once-campfire,Zeeeepa/once-campfire,0,0,,#4ADE80,,,0,,{},false,{}
1075638617,nanochat,Zeeeepa/nanochat,0,0,,#4ADE80,,,0,,{},false,{}
1057406972,ai-sdk-tools,Zeeeepa/ai-sdk-tools,0,0,,#4ADE80,,,0,,{},false,{}
1088255347,nofx,Zeeeepa/nofx,0,0,,#4ADE80,,,0,,{},false,{}
1038278199,monday_mcp,Zeeeepa/monday_mcp,0,0,,#4ADE80,,,0,,{},false,{}
1088620366,video-to-txt,Zeeeepa/video-to-txt,0,0,,#4ADE80,,,0,,{},false,{}
1088609370,assets-pieces,Zeeeepa/assets-pieces,0,0,,#4ADE80,,,0,,{},false,{}
1088482830,release-scripts,Zeeeepa/release-scripts,0,0,,#4ADE80,,,0,,{},false,{}
1088422108,prompt-manager,Zeeeepa/prompt-manager,0,0,,#4ADE80,,,0,,{},false,{}
1057897320,ZeroTrace-Stealer-13-2026,Zeeeepa/ZeroTrace-Stealer-13-2026,0,0,,#4ADE80,,,0,,{},false,{}
1050229185,magic,Zeeeepa/magic,0,0,,#4ADE80,,,0,,{},false,{}
1064808253,leantime,Zeeeepa/leantime,0,0,,#4ADE80,,,0,,{},false,{}
1071180712,openai-chatkit-advanced-samples,Zeeeepa/openai-chatkit-advanced-samples,0,0,,#4ADE80,,,0,,{},false,{}
1082538488,networking-toolbox,Zeeeepa/networking-toolbox,0,0,,#4ADE80,,,0,,{},false,{}
1035749486,resonant-semantic-embedding,Zeeeepa/resonant-semantic-embedding,0,0,,#4ADE80,,,0,,{},false,{}
1042794110,resumePolice,Zeeeepa/resumePolice,0,0,,#4ADE80,,,0,,{},false,{}
1038302292,vipe,Zeeeepa/vipe,0,0,,#4ADE80,,,0,,{},false,{}
1033080821,thc-hydra,Zeeeepa/thc-hydra,0,0,,#4ADE80,,,0,,{},false,{}
1033063099,Windows,Zeeeepa/Windows,0,0,,#4ADE80,,,0,,{},false,{}
1071182845,fullstack-next-cloudflare,Zeeeepa/fullstack-next-cloudflare,0,0,,#4ADE80,,,0,,{},false,{}
1045371803,xrpl-trading-bot,Zeeeepa/xrpl-trading-bot,0,0,,#4ADE80,,,0,,{},false,{}
1075801755,DreamOmni2,Zeeeepa/DreamOmni2,0,0,,#4ADE80,,,0,,{},false,{}
1015658663,glass,Zeeeepa/glass,0,0,,#4ADE80,,,0,,{},false,{}
1071176905,chatkit-js,Zeeeepa/chatkit-js,0,0,,#4ADE80,,,0,,{},false,{}
1057405250,TenCyclesofFate,Zeeeepa/TenCyclesofFate,0,0,,#4ADE80,,,0,,{},false,{}
1042229375,drawnix,Zeeeepa/drawnix,0,0,,#4ADE80,,,0,,{},false,{}
978448011,deepwiki-open,Zeeeepa/deepwiki-open,0,0,,#4ADE80,,,0,,{},false,{}
1068783517,TradingAgents-CN,Zeeeepa/TradingAgents-CN,0,0,,#4ADE80,,,0,,{},false,{}
1071183019,Logics-Parsing,Zeeeepa/Logics-Parsing,0,0,,#4ADE80,,,0,,{},false,{}
1071179165,konbini,Zeeeepa/konbini,0,0,,#4ADE80,,,0,,{},false,{}
988777868,magentic-ui,Zeeeepa/magentic-ui,0,0,,#4ADE80,,,0,,{},false,{}
1057406209,MaliangAINovalWriter,Zeeeepa/MaliangAINovalWriter,0,0,,#4ADE80,,,0,,{},false,{}
1071182880,crypto-arbitrage-bot,Zeeeepa/crypto-arbitrage-bot,0,0,,#4ADE80,,,0,,{},false,{}
1071176612,proofofthought,Zeeeepa/proofofthought,0,0,,#4ADE80,,,0,,{},false,{}
1052098678,opcode,Zeeeepa/opcode,0,0,,#4ADE80,,,0,,{},false,{}
1066116738,pingoo,Zeeeepa/pingoo,0,0,,#4ADE80,,,0,,{},false,{}
1064972819,astra-xmod-shim,Zeeeepa/astra-xmod-shim,0,0,,#4ADE80,,,0,,{},false,{}
1085108848,ContextAgent,Zeeeepa/ContextAgent,0,0,,#4ADE80,,,0,,{},false,{}
1084915363,PraisonAIWP,Zeeeepa/PraisonAIWP,0,0,,#4ADE80,,,0,,{},false,{}
1084878036,sneaky-rat,Zeeeepa/sneaky-rat,0,0,,#4ADE80,,,0,,{},false,{}
1084633929,cedar-OS,Zeeeepa/cedar-OS,0,0,,#4ADE80,,,0,,{},false,{}
1071178667,crypto-trader-bot-with-AI-algo,Zeeeepa/crypto-trader-bot-with-AI-algo,0,0,,#4ADE80,,,0,,{},false,{}
1078551363,agency-agents,Zeeeepa/agency-agents,0,0,,#4ADE80,,,0,,{},false,{}
1078551139,ambient_deep_agents,Zeeeepa/ambient_deep_agents,0,0,,#4ADE80,,,0,,{},false,{}
1078547893,EvoPresent,Zeeeepa/EvoPresent,0,0,,#4ADE80,,,0,,{},false,{}
1075790239,PG-Agent,Zeeeepa/PG-Agent,0,0,,#4ADE80,,,0,,{},false,{}
1075771112,open_human_ontology,Zeeeepa/open_human_ontology,0,0,,#4ADE80,,,0,,{},false,{}
1075718904,Droids,Zeeeepa/Droids,0,0,,#4ADE80,,,0,,{},false,{}
1075571180,sageread,Zeeeepa/sageread,0,0,,#4ADE80,,,0,,{},false,{}
1016549711,trae-agent,Zeeeepa/trae-agent,0,0,,#4ADE80,,,0,,{},false,{}
972768279,mcp-use,Zeeeepa/mcp-use,0,0,,#4ADE80,,,0,,{},false,{}
972548385,codegen-examples,Zeeeepa/codegen-examples,0,0,,#4ADE80,,,0,,{},false,{}
972363389,executive-ai-assistant,Zeeeepa/executive-ai-assistant,0,0,,#4ADE80,,,0,,{},false,{}
972345782,sambanova-webinar,Zeeeepa/sambanova-webinar,0,0,,#4ADE80,,,0,,{},false,{}
967291352,codegen,Zeeeepa/codegen,0,0,,#4ADE80,,,0,,{},false,{}
966735516,ai-web-integration-agent,Zeeeepa/ai-web-integration-agent,0,0,,#4ADE80,,,0,,{},false,{}
1057378211,PrimoAgent,Zeeeepa/PrimoAgent,0,0,,#4ADE80,,,0,,{},false,{}
1061309561,pgmcp,Zeeeepa/pgmcp,0,0,,#4ADE80,,,0,,{},false,{}
1054649948,Nano-Bananary,Zeeeepa/Nano-Bananary,0,0,,#4ADE80,,,0,,{},false,{}
1062146148,Matrix-Game,Zeeeepa/Matrix-Game,0,0,,#4ADE80,,,0,,{},false,{}
1030190723,llama_deploy,Zeeeepa/llama_deploy,0,0,,#4ADE80,,,0,,{},false,{}
1046425537,khoj,Zeeeepa/khoj,0,0,,#4ADE80,,,0,,{},false,{}
1057586238,KiteAi-BOT,Zeeeepa/KiteAi-BOT,0,0,,#4ADE80,,,0,,{},false,{}
1038268343,keychecker,Zeeeepa/keychecker,0,0,,#4ADE80,,,0,,{},false,{}
1054675195,intrascribe,Zeeeepa/intrascribe,0,0,,#4ADE80,,,0,,{},false,{}
1041263832,imagesorcery-mcp,Zeeeepa/imagesorcery-mcp,0,0,,#4ADE80,,,0,,{},false,{}
1063060476,hyperliquid-trading-bot-rust,Zeeeepa/hyperliquid-trading-bot-rust,0,0,,#4ADE80,,,0,,{},false,{}
1042351521,go-cursor-help,Zeeeepa/go-cursor-help,0,0,,#4ADE80,,,0,,{},false,{}
1041104410,gpoParser,Zeeeepa/gpoParser,0,0,,#4ADE80,,,0,,{},false,{}
1041259755,fenrir,Zeeeepa/fenrir,0,0,,#4ADE80,,,0,,{},false,{}
1060949263,dsts,Zeeeepa/dsts,0,0,,#4ADE80,,,0,,{},false,{}
973014368,CodeFuse-Query,Zeeeepa/CodeFuse-Query,0,0,,#4ADE80,,,0,,{},false,{}
1057406999,devtools-debugger-mcp,Zeeeepa/devtools-debugger-mcp,0,0,,#4ADE80,,,0,,{},false,{}
1028063957,darkdump,Zeeeepa/darkdump,0,0,,#4ADE80,,,0,,{},false,{}
1059745791,comfydeploy,Zeeeepa/comfydeploy,0,0,,#4ADE80,,,0,,{},false,{}
1055290430,codegen-ide,Zeeeepa/codegen-ide,0,0,,#4ADE80,,,0,,{},false,{}
1036225680,codacy-mcp-server,Zeeeepa/codacy-mcp-server,0,0,,#4ADE80,,,0,,{},false,{}
1054669654,ccpm,Zeeeepa/ccpm,0,0,,#4ADE80,,,0,,{},false,{}
1054669538,Awesome-Nano-Banana-images,Zeeeepa/Awesome-Nano-Banana-images,0,0,,#4ADE80,,,0,,{},false,{}
984449323,autogenlib,Zeeeepa/autogenlib,0,0,,#4ADE80,,,0,,{},false,{}
1059745064,app,Zeeeepa/app,0,0,,#4ADE80,,,0,,{},false,{}
1064970529,AgentBridge,Zeeeepa/AgentBridge,0,0,,#4ADE80,,,0,,{},false,{}
1073690842,AsterMind-ELM,Zeeeepa/AsterMind-ELM,0,0,,#4ADE80,,,0,,{},false,{}
1061315864,ququ,Zeeeepa/ququ,0,0,,#4ADE80,,,0,,{},false,{}
1073188113,TinyRecursiveModels,Zeeeepa/TinyRecursiveModels,0,0,,#4ADE80,,,0,,{},false,{}
1072615342,n8n-terry-guide,Zeeeepa/n8n-terry-guide,0,0,,#4ADE80,,,0,,{},false,{}
1061314142,vibe-coding-playbook,Zeeeepa/vibe-coding-playbook,0,0,,#4ADE80,,,0,,{},false,{}
1071182656,Qwen3-Omni,Zeeeepa/Qwen3-Omni,0,0,,#4ADE80,,,0,,{},false,{}
1071181079,youtube-subscriber-bot,Zeeeepa/youtube-subscriber-bot,0,0,,#4ADE80,,,0,,{},false,{}
1071177647,episodic-sdk,Zeeeepa/episodic-sdk,0,0,,#4ADE80,,,0,,{},false,{}
1071176337,LuoGen-agent,Zeeeepa/LuoGen-agent,0,0,,#4ADE80,,,0,,{},false,{}
1026493764,theProtector,Zeeeepa/theProtector,0,0,,#4ADE80,,,0,,{},false,{}
1070374773,sendgrid-python,Zeeeepa/sendgrid-python,0,0,,#4ADE80,,,0,,{},false,{}
1063053276,YPrompt,Zeeeepa/YPrompt,0,0,,#4ADE80,,,0,,{},false,{}
1066035332,flareprox,Zeeeepa/flareprox,0,0,,#4ADE80,,,0,,{},false,{}
1066892184,EDtunnel,Zeeeepa/EDtunnel,0,0,,#4ADE80,,,0,,{},false,{}
1066430611,MoneyPrinterTurbo,Zeeeepa/MoneyPrinterTurbo,0,0,,#4ADE80,,,0,,{},false,{}
1066116695,chrome-extension-remote-scripts,Zeeeepa/chrome-extension-remote-scripts,0,0,,#4ADE80,,,0,,{},false,{}
1066035106,grass-bot,Zeeeepa/grass-bot,0,0,,#4ADE80,,,0,,{},false,{}
1066034816,PharosTestnet-Bot,Zeeeepa/PharosTestnet-Bot,0,0,,#4ADE80,,,0,,{},false,{}
1063072753,OneReward,Zeeeepa/OneReward,0,0,,#4ADE80,,,0,,{},false,{}
1041101145,synapse-bot,Zeeeepa/synapse-bot,0,0,,#4ADE80,,,0,,{},false,{}
1038302341,Matrix-3D,Zeeeepa/Matrix-3D,0,0,,#4ADE80,,,0,,{},false,{}
1061675978,sj.h,Zeeeepa/sj.h,0,0,,#4ADE80,,,0,,{},false,{}
1061314019,banana-gen,Zeeeepa/banana-gen,0,0,,#4ADE80,,,0,,{},false,{}
1061313423,AutoRFKiller,Zeeeepa/AutoRFKiller,0,0,,#4ADE80,,,0,,{},false,{}
996546399,open_codegen,Zeeeepa/open_codegen,0,0,,#4ADE80,,,0,,{},false,{}
1060079958,a2a-client,Zeeeepa/a2a-client,0,0,,#4ADE80,,,0,,{},false,{}
1059912337,quicksilver-sdk,Zeeeepa/quicksilver-sdk,0,0,,#4ADE80,,,0,,{},false,{}
1059911958,better-ui,Zeeeepa/better-ui,0,0,,#4ADE80,,,0,,{},false,{}
1059835299,mail01,Zeeeepa/mail01,0,0,,#4ADE80,,,0,,{},false,{}
1059745446,comfy-deploy-python,Zeeeepa/comfy-deploy-python,0,0,,#4ADE80,,,0,,{},false,{}
1045461866,SelfEvolvingAgent,Zeeeepa/SelfEvolvingAgent,0,0,,#4ADE80,,,0,,{},false,{}
1057405529,DBIPatcher,Zeeeepa/DBIPatcher,0,0,,#4ADE80,,,0,,{},false,{}
1057396868,Pharos-Testnet-Bot,Zeeeepa/Pharos-Testnet-Bot,0,0,,#4ADE80,,,0,,{},false,{}
1057371167,BananaFlow-ZHO,Zeeeepa/BananaFlow-ZHO,0,0,,#4ADE80,,,0,,{},false,{}
1055286147,forensic-analysis,Zeeeepa/forensic-analysis,0,0,,#4ADE80,,,0,,{},false,{}
1055250860,physionet,Zeeeepa/physionet,0,0,,#4ADE80,,,0,,{},false,{}
1055242726,mimic-code,Zeeeepa/mimic-code,0,0,,#4ADE80,,,0,,{},false,{}
1054881006,dspy-micro-agent,Zeeeepa/dspy-micro-agent,0,0,,#4ADE80,,,0,,{},false,{}
1054676630,Prompt-Tools,Zeeeepa/Prompt-Tools,0,0,,#4ADE80,,,0,,{},false,{}
1054497920,nano-banana-infinimap,Zeeeepa/nano-banana-infinimap,0,0,,#4ADE80,,,0,,{},false,{}
1045363869,async-server,Zeeeepa/async-server,0,0,,#4ADE80,,,0,,{},false,{}
967276369,codegen-api-client,Zeeeepa/codegen-api-client,0,0,,#4ADE80,,,0,,{},false,{}
1049535216,NTSleuth,Zeeeepa/NTSleuth,0,0,,#4ADE80,,,0,,{},false,{}
960414954,llmware,Zeeeepa/llmware,0,0,,#4ADE80,,,0,,{},false,{}
1047029409,qoder-free,Zeeeepa/qoder-free,0,0,,#4ADE80,,,0,,{},false,{}
979756192,Zero,Zeeeepa/Zero,0,0,,#4ADE80,,,0,,{},false,{}
967271001,byzer-llm,Zeeeepa/byzer-llm,0,0,,#4ADE80,,,0,,{},false,{}
980473032,mcp-crawl4ai-rag,Zeeeepa/mcp-crawl4ai-rag,0,0,,#4ADE80,,,0,,{},false,{}
972342508,llm-graph-builder,Zeeeepa/llm-graph-builder,0,0,,#4ADE80,,,0,,{},false,{}
1015532068,gmailtail,Zeeeepa/gmailtail,0,0,,#4ADE80,,,0,,{},false,{}
1026559682,Bella,Zeeeepa/Bella,0,0,,#4ADE80,,,0,,{},false,{}
1035635270,augment-code-patcher,Zeeeepa/augment-code-patcher,0,0,,#4ADE80,,,0,,{},false,{}
1037049409,Github-Mev-Bot,Zeeeepa/Github-Mev-Bot,0,0,,#4ADE80,,,0,,{},false,{}
1041105057,Flashloan-Arbitrage-Bot,Zeeeepa/Flashloan-Arbitrage-Bot,0,0,,#4ADE80,,,0,,{},false,{}
1041136095,gamestudio-subagents,Zeeeepa/gamestudio-subagents,0,0,,#4ADE80,,,0,,{},false,{}
1041259422,Crypto-Asset-Tracing-Handbook,Zeeeepa/Crypto-Asset-Tracing-Handbook,0,0,,#4ADE80,,,0,,{},false,{}
1041259694,rendergit,Zeeeepa/rendergit,0,0,,#4ADE80,,,0,,{},false,{}
1042355789,AugmentCode-Free,Zeeeepa/AugmentCode-Free,0,0,,#4ADE80,,,0,,{},false,{}
1045372152,Solana-Heaven-Dex-Trading-Bot,Zeeeepa/Solana-Heaven-Dex-Trading-Bot,0,0,,#4ADE80,,,0,,{},false,{}
1045364214,repomirror,Zeeeepa/repomirror,0,0,,#4ADE80,,,0,,{},false,{}
1038017901,uwu,Zeeeepa/uwu,0,0,,#4ADE80,,,0,,{},false,{}
1043541982,MA,Zeeeepa/MA,0,0,,#4ADE80,,,0,,{},false,{}
1043054603,WinUpdateRemover,Zeeeepa/WinUpdateRemover,0,0,,#4ADE80,,,0,,{},false,{}
1026557694,Resume-Matcher,Zeeeepa/Resume-Matcher,0,0,,#4ADE80,,,0,,{},false,{}
1042581045,cognitive-memory-engine,Zeeeepa/cognitive-memory-engine,0,0,,#4ADE80,,,0,,{},false,{}
1042354956,free-augmentcode,Zeeeepa/free-augmentcode,0,0,,#4ADE80,,,0,,{},false,{}
1038017581,terminalcp,Zeeeepa/terminalcp,0,0,,#4ADE80,,,0,,{},false,{}
1038262263,deep-agents-ui,Zeeeepa/deep-agents-ui,0,0,,#4ADE80,,,0,,{},false,{}
1037072142,dreamv,Zeeeepa/dreamv,0,0,,#4ADE80,,,0,,{},false,{}
1036266304,Download-VSIX-From-Visual-Studio-Market-Place,Zeeeepa/Download-VSIX-From-Visual-Studio-Market-Place,0,0,,#4ADE80,,,0,,{},false,{}
1035197084,remix-saas,Zeeeepa/remix-saas,0,0,,#4ADE80,,,0,,{},false,{}
1034528868,lilypad,Zeeeepa/lilypad,0,0,,#4ADE80,,,0,,{},false,{}
1034375917,MCP,Zeeeepa/MCP,0,0,,#4ADE80,,,0,,{},false,{}
1034070952,computational-mathematical-discovery-framework,Zeeeepa/computational-mathematical-discovery-framework,0,0,,#4ADE80,,,0,,{},false,{}
1033074830,lscript,Zeeeepa/lscript,0,0,,#4ADE80,,,0,,{},false,{}
1033074091,CamPhish,Zeeeepa/CamPhish,0,0,,#4ADE80,,,0,,{},false,{}
1032784776,agent-x,Zeeeepa/agent-x,0,0,,#4ADE80,,,0,,{},false,{}
1030190852,create-llama,Zeeeepa/create-llama,0,0,,#4ADE80,,,0,,{},false,{}
1019938627,uv-cloudflare-workers-example,Zeeeepa/uv-cloudflare-workers-example,0,0,,#4ADE80,,,0,,{},false,{}
985043103,codebase-analytics,Zeeeepa/codebase-analytics,0,0,,#4ADE80,,,0,,{},false,{}
1016970666,windcode,Zeeeepa/windcode,0,0,,#4ADE80,,,0,,{},false,{}
993592179,linear-client,Zeeeepa/linear-client,0,0,,#4ADE80,,,0,,{},false,{}
980533212,Arangodb-graphrag,Zeeeepa/Arangodb-graphrag,0,0,,#4ADE80,,,0,,{},false,{}
966780137,project_tools,Zeeeepa/project_tools,0,0,,#4ADE80,,,0,,{},false,{}
978309048,hatch-cython,Zeeeepa/hatch-cython,0,0,,#4ADE80,,,0,,{},false,{}
973020062,ai-virtual-assistant,Zeeeepa/ai-virtual-assistant,0,0,,#4ADE80,,,0,,{},false,{}
953650410,mcp-index,Zeeeepa/mcp-index,0,0,,#4ADE80,,,0,,{},false,{}